Technology,t,LCOE/S
HD Hydro L,0.1,3954.34
HD Hydro L,0.2,2029.42
HD Hydro L,0.3,1387.79
HD Hydro L,0.4,1066.97
HD Hydro L,0.5,874.47
HD Hydro L,0.6,746.15
HD Hydro L,0.7,654.48
HD Hydro L,0.8,585.74
HD Hydro L,0.9,532.27
HD Hydro L,1.0,489.49
HD Hydro L,1.1,454.49
HD Hydro L,1.2,425.33
HD Hydro L,1.3,400.65
HD Hydro L,1.4,379.5
HD Hydro L,1.5,361.16
HD Hydro L,1.6,345.12
HD Hydro L,1.7,330.97
HD Hydro L,1.8,318.39
HD Hydro L,1.9,307.13
HD Hydro L,2.0,297.0
HD Hydro L,2.1,287.83
HD Hydro L,2.2,279.5
HD Hydro L,2.3,271.89
HD Hydro L,2.4,264.92
HD Hydro L,2.5,258.5
HD Hydro L,2.6,252.58
HD Hydro L,2.7,247.1
HD Hydro L,2.8,242.0
HD Hydro L,2.9,237.26
HD Hydro L,3.0,232.84
HD Hydro L,3.1,228.7
HD Hydro L,3.2,224.82
HD Hydro L,3.3,221.17
HD Hydro L,3.4,217.74
HD Hydro L,3.5,214.5
HD Hydro L,3.6,211.45
HD Hydro L,3.7,208.56
HD Hydro L,3.8,205.82
HD Hydro L,3.9,203.22
HD Hydro L,4.0,200.76
HD Hydro L,4.1,198.41
HD Hydro L,4.2,196.17
HD Hydro L,4.3,194.04
HD Hydro L,4.4,192.01
HD Hydro L,4.5,190.06
HD Hydro L,4.6,188.2
HD Hydro L,4.7,186.42
HD Hydro L,4.8,184.71
HD Hydro L,4.9,183.08
HD Hydro L,5.0,181.51
HD Hydro L,5.1,180.0
HD Hydro L,5.2,178.55
HD Hydro L,5.3,177.15
HD Hydro L,5.4,175.8
HD Hydro L,5.5,174.51
HD Hydro L,5.6,173.26
HD Hydro L,5.7,172.05
HD Hydro L,5.8,170.89
HD Hydro L,5.9,169.76
HD Hydro L,6.0,168.67
HD Hydro L,6.1,167.62
HD Hydro L,6.2,166.6
HD Hydro L,6.3,165.62
HD Hydro L,6.4,164.66
HD Hydro L,6.5,163.74
HD Hydro L,6.6,162.84
HD Hydro L,6.7,161.97
HD Hydro L,6.8,161.13
HD Hydro L,6.9,160.3
HD Hydro L,7.0,159.51
HD Hydro L,7.1,158.73
HD Hydro L,7.2,157.98
HD Hydro L,7.3,157.25
HD Hydro L,7.4,156.53
HD Hydro L,7.5,155.84
HD Hydro L,7.6,155.17
HD Hydro L,7.7,154.51
HD Hydro L,7.8,153.87
HD Hydro L,7.9,153.24
HD Hydro L,8.0,152.63
HD Hydro L,8.1,152.04
HD Hydro L,8.2,151.46
HD Hydro L,8.3,150.89
HD Hydro L,8.4,150.34
HD Hydro L,8.5,149.8
HD Hydro L,8.6,149.28
HD Hydro L,8.7,148.76
HD Hydro L,8.8,148.26
HD Hydro L,8.9,147.77
HD Hydro L,9.0,147.29
HD Hydro L,9.1,146.82
HD Hydro L,9.2,146.36
HD Hydro L,9.3,145.91
HD Hydro L,9.4,145.47
HD Hydro L,9.5,145.03
HD Hydro L,9.6,144.61
HD Hydro L,9.7,144.2
HD Hydro L,9.8,143.79
HD Hydro L,9.9,143.4
HD Hydro L,10.0,143.01
HD Hydro L,10.1,142.63
HD Hydro L,10.2,142.25
HD Hydro L,10.3,141.89
HD Hydro L,10.4,141.53
HD Hydro L,10.5,141.17
HD Hydro L,10.6,140.83
HD Hydro L,10.7,140.49
HD Hydro L,10.8,140.16
HD Hydro L,10.9,139.83
HD Hydro L,11.0,139.51
HD Hydro L,11.1,139.19
HD Hydro L,11.2,138.88
HD Hydro L,11.3,138.58
HD Hydro L,11.4,138.28
HD Hydro L,11.5,137.99
HD Hydro L,11.6,137.7
HD Hydro L,11.7,137.41
HD Hydro L,11.8,137.14
HD Hydro L,11.9,136.86
HD Hydro L,12.0,136.59
HD Hydro,0.1,4013.65
HD Hydro,0.2,2037.99
HD Hydro,0.3,1379.44
HD Hydro,0.4,1050.16
HD Hydro,0.5,852.6
HD Hydro,0.6,720.89
HD Hydro,0.7,626.81
HD Hydro,0.8,556.25
HD Hydro,0.9,501.37
HD Hydro,1.0,457.46
HD Hydro,1.1,421.54
HD Hydro,1.2,391.61
HD Hydro,1.3,366.28
HD Hydro,1.4,344.57
HD Hydro,1.5,325.75
HD Hydro,1.6,309.29
HD Hydro,1.7,294.76
HD Hydro,1.8,281.85
HD Hydro,1.9,270.3
HD Hydro,2.0,259.9
HD Hydro,2.1,250.49
HD Hydro,2.2,241.94
HD Hydro,2.3,234.13
HD Hydro,2.4,226.97
HD Hydro,2.5,220.39
HD Hydro,2.6,214.31
HD Hydro,2.7,208.68
HD Hydro,2.8,203.45
HD Hydro,2.9,198.58
HD Hydro,3.0,194.04
HD Hydro,3.1,189.79
HD Hydro,3.2,185.81
HD Hydro,3.3,182.07
HD Hydro,3.4,178.55
HD Hydro,3.5,175.23
HD Hydro,3.6,172.09
HD Hydro,3.7,169.12
HD Hydro,3.8,166.31
HD Hydro,3.9,163.65
HD Hydro,4.0,161.12
HD Hydro,4.1,158.71
HD Hydro,4.2,156.41
HD Hydro,4.3,154.22
HD Hydro,4.4,152.14
HD Hydro,4.5,150.14
HD Hydro,4.6,148.23
HD Hydro,4.7,146.4
HD Hydro,4.8,144.65
HD Hydro,4.9,142.97
HD Hydro,5.0,141.36
HD Hydro,5.1,139.81
HD Hydro,5.2,138.32
HD Hydro,5.3,136.89
HD Hydro,5.4,135.5
HD Hydro,5.5,134.17
HD Hydro,5.6,132.89
HD Hydro,5.7,131.65
HD Hydro,5.8,130.46
HD Hydro,5.9,129.3
HD Hydro,6.0,128.19
HD Hydro,6.1,127.11
HD Hydro,6.2,126.06
HD Hydro,6.3,125.05
HD Hydro,6.4,124.07
HD Hydro,6.5,123.12
HD Hydro,6.6,122.2
HD Hydro,6.7,121.31
HD Hydro,6.8,120.44
HD Hydro,6.9,119.6
HD Hydro,7.0,118.78
HD Hydro,7.1,117.98
HD Hydro,7.2,117.21
HD Hydro,7.3,116.46
HD Hydro,7.4,115.73
HD Hydro,7.5,115.02
HD Hydro,7.6,114.32
HD Hydro,7.7,113.65
HD Hydro,7.8,112.99
HD Hydro,7.9,112.35
HD Hydro,8.0,111.72
HD Hydro,8.1,111.11
HD Hydro,8.2,110.52
HD Hydro,8.3,109.94
HD Hydro,8.4,109.37
HD Hydro,8.5,108.82
HD Hydro,8.6,108.28
HD Hydro,8.7,107.75
HD Hydro,8.8,107.23
HD Hydro,8.9,106.73
HD Hydro,9.0,106.24
HD Hydro,9.1,105.75
HD Hydro,9.2,105.28
HD Hydro,9.3,104.82
HD Hydro,9.4,104.37
HD Hydro,9.5,103.93
HD Hydro,9.6,103.49
HD Hydro,9.7,103.07
HD Hydro,9.8,102.65
HD Hydro,9.9,102.24
HD Hydro,10.0,101.85
HD Hydro,10.1,101.45
HD Hydro,10.2,101.07
HD Hydro,10.3,100.69
HD Hydro,10.4,100.33
HD Hydro,10.5,99.96
HD Hydro,10.6,99.61
HD Hydro,10.7,99.26
HD Hydro,10.8,98.92
HD Hydro,10.9,98.58
HD Hydro,11.0,98.25
HD Hydro,11.1,97.93
HD Hydro,11.2,97.61
HD Hydro,11.3,97.3
HD Hydro,11.4,96.99
HD Hydro,11.5,96.69
HD Hydro,11.6,96.4
HD Hydro,11.7,96.1
HD Hydro,11.8,95.82
HD Hydro,11.9,95.54
HD Hydro,12.0,95.26
HD Hydro U,0.1,4546.4
HD Hydro U,0.2,2363.23
HD Hydro U,0.3,1635.51
HD Hydro U,0.4,1271.65
HD Hydro U,0.5,1053.33
HD Hydro U,0.6,907.79
HD Hydro U,0.7,803.83
HD Hydro U,0.8,725.86
HD Hydro U,0.9,665.22
HD Hydro U,1.0,616.7
HD Hydro U,1.1,577.01
HD Hydro U,1.2,543.93
HD Hydro U,1.3,515.94
HD Hydro U,1.4,491.95
HD Hydro U,1.5,471.16
HD Hydro U,1.6,452.96
HD Hydro U,1.7,436.91
HD Hydro U,1.8,422.64
HD Hydro U,1.9,409.88
HD Hydro U,2.0,398.39
HD Hydro U,2.1,387.99
HD Hydro U,2.2,378.54
HD Hydro U,2.3,369.91
HD Hydro U,2.4,362.0
HD Hydro U,2.5,354.72
HD Hydro U,2.6,348.0
HD Hydro U,2.7,341.78
HD Hydro U,2.8,336.01
HD Hydro U,2.9,330.63
HD Hydro U,3.0,325.61
HD Hydro U,3.1,320.92
HD Hydro U,3.2,316.52
HD Hydro U,3.3,312.38
HD Hydro U,3.4,308.49
HD Hydro U,3.5,304.82
HD Hydro U,3.6,301.36
HD Hydro U,3.7,298.08
HD Hydro U,3.8,294.97
HD Hydro U,3.9,292.03
HD Hydro U,4.0,289.23
HD Hydro U,4.1,286.56
HD Hydro U,4.2,284.03
HD Hydro U,4.3,281.61
HD Hydro U,4.4,279.3
HD Hydro U,4.5,277.1
HD Hydro U,4.6,274.99
HD Hydro U,4.7,272.97
HD Hydro U,4.8,271.03
HD Hydro U,4.9,269.18
HD Hydro U,5.0,267.4
HD Hydro U,5.1,265.68
HD Hydro U,5.2,264.04
HD Hydro U,5.3,262.45
HD Hydro U,5.4,260.93
HD Hydro U,5.5,259.46
HD Hydro U,5.6,258.04
HD Hydro U,5.7,256.67
HD Hydro U,5.8,255.35
HD Hydro U,5.9,254.07
HD Hydro U,6.0,252.84
HD Hydro U,6.1,251.65
HD Hydro U,6.2,250.49
HD Hydro U,6.3,249.38
HD Hydro U,6.4,248.29
HD Hydro U,6.5,247.24
HD Hydro U,6.6,246.23
HD Hydro U,6.7,245.24
HD Hydro U,6.8,244.28
HD Hydro U,6.9,243.35
HD Hydro U,7.0,242.44
HD Hydro U,7.1,241.57
HD Hydro U,7.2,240.71
HD Hydro U,7.3,239.88
HD Hydro U,7.4,239.07
HD Hydro U,7.5,238.29
HD Hydro U,7.6,237.52
HD Hydro U,7.7,236.77
HD Hydro U,7.8,236.05
HD Hydro U,7.9,235.34
HD Hydro U,8.0,234.65
HD Hydro U,8.1,233.97
HD Hydro U,8.2,233.32
HD Hydro U,8.3,232.68
HD Hydro U,8.4,232.05
HD Hydro U,8.5,231.44
HD Hydro U,8.6,230.84
HD Hydro U,8.7,230.26
HD Hydro U,8.8,229.69
HD Hydro U,8.9,229.13
HD Hydro U,9.0,228.58
HD Hydro U,9.1,228.05
HD Hydro U,9.2,227.53
HD Hydro U,9.3,227.02
HD Hydro U,9.4,226.52
HD Hydro U,9.5,226.03
HD Hydro U,9.6,225.55
HD Hydro U,9.7,225.08
HD Hydro U,9.8,224.62
HD Hydro U,9.9,224.17
HD Hydro U,10.0,223.73
HD Hydro U,10.1,223.3
HD Hydro U,10.2,222.88
HD Hydro U,10.3,222.46
HD Hydro U,10.4,222.05
HD Hydro U,10.5,221.65
HD Hydro U,10.6,221.26
HD Hydro U,10.7,220.88
HD Hydro U,10.8,220.5
HD Hydro U,10.9,220.13
HD Hydro U,11.0,219.76
HD Hydro U,11.1,219.41
HD Hydro U,11.2,219.05
HD Hydro U,11.3,218.71
HD Hydro U,11.4,218.37
HD Hydro U,11.5,218.04
HD Hydro U,11.6,217.71
HD Hydro U,11.7,217.39
HD Hydro U,11.8,217.07
HD Hydro U,11.9,216.76
HD Hydro U,12.0,216.45
Pumped Hydro,0.1,3354.23
Pumped Hydro,0.2,1702.22
Pumped Hydro,0.3,1151.55
Pumped Hydro,0.4,876.21
Pumped Hydro,0.5,711.01
Pumped Hydro,0.6,600.87
Pumped Hydro,0.7,522.21
Pumped Hydro,0.8,463.21
Pumped Hydro,0.9,417.32
Pumped Hydro,1.0,380.61
Pumped Hydro,1.1,350.57
Pumped Hydro,1.2,325.54
Pumped Hydro,1.3,304.36
Pumped Hydro,1.4,286.21
Pumped Hydro,1.5,270.47
Pumped Hydro,1.6,256.71
Pumped Hydro,1.7,244.56
Pumped Hydro,1.8,233.76
Pumped Hydro,1.9,224.1
Pumped Hydro,2.0,215.4
Pumped Hydro,2.1,207.54
Pumped Hydro,2.2,200.39
Pumped Hydro,2.3,193.86
Pumped Hydro,2.4,187.87
Pumped Hydro,2.5,182.36
Pumped Hydro,2.6,177.28
Pumped Hydro,2.7,172.57
Pumped Hydro,2.8,168.2
Pumped Hydro,2.9,164.14
Pumped Hydro,3.0,160.34
Pumped Hydro,3.1,156.79
Pumped Hydro,3.2,153.45
Pumped Hydro,3.3,150.33
Pumped Hydro,3.4,147.38
Pumped Hydro,3.5,144.6
Pumped Hydro,3.6,141.98
Pumped Hydro,3.7,139.5
Pumped Hydro,3.8,137.15
Pumped Hydro,3.9,134.92
Pumped Hydro,4.0,132.8
Pumped Hydro,4.1,130.79
Pumped Hydro,4.2,128.87
Pumped Hydro,4.3,127.04
Pumped Hydro,4.4,125.3
Pumped Hydro,4.5,123.63
Pumped Hydro,4.6,122.03
Pumped Hydro,4.7,120.5
Pumped Hydro,4.8,119.04
Pumped Hydro,4.9,117.63
Pumped Hydro,5.0,116.28
Pumped Hydro,5.1,114.99
Pumped Hydro,5.2,113.74
Pumped Hydro,5.3,112.54
Pumped Hydro,5.4,111.39
Pumped Hydro,5.5,110.28
Pumped Hydro,5.6,109.2
Pumped Hydro,5.7,108.17
Pumped Hydro,5.8,107.17
Pumped Hydro,5.9,106.2
Pumped Hydro,6.0,105.27
Pumped Hydro,6.1,104.37
Pumped Hydro,6.2,103.49
Pumped Hydro,6.3,102.65
Pumped Hydro,6.4,101.83
Pumped Hydro,6.5,101.03
Pumped Hydro,6.6,100.26
Pumped Hydro,6.7,99.52
Pumped Hydro,6.8,98.79
Pumped Hydro,6.9,98.09
Pumped Hydro,7.0,97.4
Pumped Hydro,7.1,96.74
Pumped Hydro,7.2,96.09
Pumped Hydro,7.3,95.46
Pumped Hydro,7.4,94.85
Pumped Hydro,7.5,94.26
Pumped Hydro,7.6,93.68
Pumped Hydro,7.7,93.11
Pumped Hydro,7.8,92.56
Pumped Hydro,7.9,92.03
Pumped Hydro,8.0,91.5
Pumped Hydro,8.1,90.99
Pumped Hydro,8.2,90.5
Pumped Hydro,8.3,90.01
Pumped Hydro,8.4,89.54
Pumped Hydro,8.5,89.07
Pumped Hydro,8.6,88.62
Pumped Hydro,8.7,88.18
Pumped Hydro,8.8,87.75
Pumped Hydro,8.9,87.33
Pumped Hydro,9.0,86.92
Pumped Hydro,9.1,86.51
Pumped Hydro,9.2,86.12
Pumped Hydro,9.3,85.73
Pumped Hydro,9.4,85.35
Pumped Hydro,9.5,84.98
Pumped Hydro,9.6,84.62
Pumped Hydro,9.7,84.27
Pumped Hydro,9.8,83.92
Pumped Hydro,9.9,83.58
Pumped Hydro,10.0,83.24
Pumped Hydro,10.1,82.92
Pumped Hydro,10.2,82.6
Pumped Hydro,10.3,82.28
Pumped Hydro,10.4,81.97
Pumped Hydro,10.5,81.67
Pumped Hydro,10.6,81.37
Pumped Hydro,10.7,81.08
Pumped Hydro,10.8,80.8
Pumped Hydro,10.9,80.52
Pumped Hydro,11.0,80.24
Pumped Hydro,11.1,79.97
Pumped Hydro,11.2,79.7
Pumped Hydro,11.3,79.44
Pumped Hydro,11.4,79.19
Pumped Hydro,11.5,78.93
Pumped Hydro,11.6,78.69
Pumped Hydro,11.7,78.44
Pumped Hydro,11.8,78.2
Pumped Hydro,11.9,77.97
Pumped Hydro,12.0,77.74
Compressed Air,0.1,4160.63
Compressed Air,0.2,2120.71
Compressed Air,0.3,1440.73
Compressed Air,0.4,1100.75
Compressed Air,0.5,896.75
Compressed Air,0.6,760.76
Compressed Air,0.7,663.62
Compressed Air,0.8,590.76
Compressed Air,0.9,534.1
Compressed Air,1.0,488.77
Compressed Air,1.1,451.68
Compressed Air,1.2,420.77
Compressed Air,1.3,394.62
Compressed Air,1.4,372.2
Compressed Air,1.5,352.77
Compressed Air,1.6,335.77
Compressed Air,1.7,320.77
Compressed Air,1.8,307.44
Compressed Air,1.9,295.51
Compressed Air,2.0,284.77
Compressed Air,2.1,275.06
Compressed Air,2.2,266.23
Compressed Air,2.3,258.17
Compressed Air,2.4,250.78
Compressed Air,2.5,243.98
Compressed Air,2.6,237.7
Compressed Air,2.7,231.89
Compressed Air,2.8,226.49
Compressed Air,2.9,221.47
Compressed Air,3.0,216.78
Compressed Air,3.1,212.39
Compressed Air,3.2,208.28
Compressed Air,3.3,204.41
Compressed Air,3.4,200.78
Compressed Air,3.5,197.35
Compressed Air,3.6,194.11
Compressed Air,3.7,191.05
Compressed Air,3.8,188.15
Compressed Air,3.9,185.39
Compressed Air,4.0,182.78
Compressed Air,4.1,180.29
Compressed Air,4.2,177.92
Compressed Air,4.3,175.66
Compressed Air,4.4,173.51
Compressed Air,4.5,171.45
Compressed Air,4.6,169.47
Compressed Air,4.7,167.59
Compressed Air,4.8,165.78
Compressed Air,4.9,164.04
Compressed Air,5.0,162.38
Compressed Air,5.1,160.78
Compressed Air,5.2,159.24
Compressed Air,5.3,157.76
Compressed Air,5.4,156.34
Compressed Air,5.5,154.96
Compressed Air,5.6,153.64
Compressed Air,5.7,152.36
Compressed Air,5.8,151.12
Compressed Air,5.9,149.93
Compressed Air,6.0,148.78
Compressed Air,6.1,147.67
Compressed Air,6.2,146.59
Compressed Air,6.3,145.54
Compressed Air,6.4,144.53
Compressed Air,6.5,143.55
Compressed Air,6.6,142.6
Compressed Air,6.7,141.68
Compressed Air,6.8,140.78
Compressed Air,6.9,139.91
Compressed Air,7.0,139.07
Compressed Air,7.1,138.24
Compressed Air,7.2,137.45
Compressed Air,7.3,136.67
Compressed Air,7.4,135.92
Compressed Air,7.5,135.18
Compressed Air,7.6,134.46
Compressed Air,7.7,133.77
Compressed Air,7.8,133.09
Compressed Air,7.9,132.43
Compressed Air,8.0,131.78
Compressed Air,8.1,131.15
Compressed Air,8.2,130.54
Compressed Air,8.3,129.94
Compressed Air,8.4,129.35
Compressed Air,8.5,128.78
Compressed Air,8.6,128.22
Compressed Air,8.7,127.68
Compressed Air,8.8,127.14
Compressed Air,8.9,126.62
Compressed Air,9.0,126.11
Compressed Air,9.1,125.62
Compressed Air,9.2,125.13
Compressed Air,9.3,124.65
Compressed Air,9.4,124.18
Compressed Air,9.5,123.73
Compressed Air,9.6,123.28
Compressed Air,9.7,122.84
Compressed Air,9.8,122.41
Compressed Air,9.9,121.99
Compressed Air,10.0,121.58
Compressed Air,10.1,121.18
Compressed Air,10.2,120.78
Compressed Air,10.3,120.39
Compressed Air,10.4,120.01
Compressed Air,10.5,119.64
Compressed Air,10.6,119.27
Compressed Air,10.7,118.91
Compressed Air,10.8,118.56
Compressed Air,10.9,118.21
Compressed Air,11.0,117.87
Compressed Air,11.1,117.54
Compressed Air,11.2,117.21
Compressed Air,11.3,116.89
Compressed Air,11.4,116.57
Compressed Air,11.5,116.26
Compressed Air,11.6,115.95
Compressed Air,11.7,115.65
Compressed Air,11.8,115.36
Compressed Air,11.9,115.07
Compressed Air,12.0,114.78
Flywheel,0.1,2442.75
Flywheel,0.2,1615.7
Flywheel,0.3,1340.02
Flywheel,0.4,1202.18
Flywheel,0.5,1119.47
Flywheel,0.6,1064.33
Flywheel,0.7,1024.95
Flywheel,0.8,995.41
Flywheel,0.9,972.44
Flywheel,1.0,954.06
Flywheel,1.1,939.02
Flywheel,1.2,926.49
Flywheel,1.3,915.89
Flywheel,1.4,906.8
Flywheel,1.5,898.92
Flywheel,1.6,892.03
Flywheel,1.7,885.95
Flywheel,1.8,880.55
Flywheel,1.9,875.71
Flywheel,2.0,871.36
Flywheel,2.1,867.42
Flywheel,2.2,863.84
Flywheel,2.3,860.57
Flywheel,2.4,857.57
Flywheel,2.5,854.82
Flywheel,2.6,852.27
Flywheel,2.7,849.91
Flywheel,2.8,847.73
Flywheel,2.9,845.69
Flywheel,3.0,843.79
Flywheel,3.1,842.01
Flywheel,3.2,840.34
Flywheel,3.3,838.78
Flywheel,3.4,837.3
Flywheel,3.5,835.91
Flywheel,3.6,834.6
Flywheel,3.7,833.36
Flywheel,3.8,832.18
Flywheel,3.9,831.06
Flywheel,4.0,830.0
Flywheel,4.1,829.0
Flywheel,4.2,828.03
Flywheel,4.3,827.12
Flywheel,4.4,826.24
Flywheel,4.5,825.41
Flywheel,4.6,824.61
Flywheel,4.7,823.84
Flywheel,4.8,823.11
Flywheel,4.9,822.41
Flywheel,5.0,821.73
Flywheel,5.1,821.08
Flywheel,5.2,820.46
Flywheel,5.3,819.86
Flywheel,5.4,819.28
Flywheel,5.5,818.73
Flywheel,5.6,818.19
Flywheel,5.7,817.67
Flywheel,5.8,817.17
Flywheel,5.9,816.69
Flywheel,6.0,816.22
Flywheel,6.1,815.77
Flywheel,6.2,815.33
Flywheel,6.3,814.91
Flywheel,6.4,814.5
Flywheel,6.5,814.1
Flywheel,6.6,813.71
Flywheel,6.7,813.34
Flywheel,6.8,812.98
Flywheel,6.9,812.62
Flywheel,7.0,812.28
Flywheel,7.1,811.95
Flywheel,7.2,811.62
Flywheel,7.3,811.31
Flywheel,7.4,811.0
Flywheel,7.5,810.71
Flywheel,7.6,810.42
Flywheel,7.7,810.13
Flywheel,7.8,809.86
Flywheel,7.9,809.59
Flywheel,8.0,809.33
Flywheel,8.1,809.07
Flywheel,8.2,808.82
Flywheel,8.3,808.58
Flywheel,8.4,808.34
Flywheel,8.5,808.11
Flywheel,8.6,807.88
Flywheel,8.7,807.66
Flywheel,8.8,807.45
Flywheel,8.9,807.24
Flywheel,9.0,807.03
Flywheel,9.1,806.83
Flywheel,9.2,806.63
Flywheel,9.3,806.44
Flywheel,9.4,806.25
Flywheel,9.5,806.06
Flywheel,9.6,805.88
Flywheel,9.7,805.7
Flywheel,9.8,805.53
Flywheel,9.9,805.36
Flywheel,10.0,805.19
Flywheel,10.1,805.03
Flywheel,10.2,804.87
Flywheel,10.3,804.71
Flywheel,10.4,804.56
Flywheel,10.5,804.4
Flywheel,10.6,804.26
Flywheel,10.7,804.11
Flywheel,10.8,803.97
Flywheel,10.9,803.83
Flywheel,11.0,803.69
Flywheel,11.1,803.55
Flywheel,11.2,803.42
Flywheel,11.3,803.29
Flywheel,11.4,803.16
Flywheel,11.5,803.03
Flywheel,11.6,802.91
Flywheel,11.7,802.79
Flywheel,11.8,802.67
Flywheel,11.9,802.55
Flywheel,12.0,802.44
Li-ion (2030 NREL forecast) L,0.1,1519.69
Li-ion (2030 NREL forecast) L,0.2,839.23
Li-ion (2030 NREL forecast) L,0.3,612.4
Li-ion (2030 NREL forecast) L,0.4,498.99
Li-ion (2030 NREL forecast) L,0.5,430.95
Li-ion (2030 NREL forecast) L,0.6,385.58
Li-ion (2030 NREL forecast) L,0.7,353.18
Li-ion (2030 NREL forecast) L,0.8,328.88
Li-ion (2030 NREL forecast) L,0.9,309.98
Li-ion (2030 NREL forecast) L,1.0,294.85
Li-ion (2030 NREL forecast) L,1.1,282.48
Li-ion (2030 NREL forecast) L,1.2,272.17
Li-ion (2030 NREL forecast) L,1.3,263.45
Li-ion (2030 NREL forecast) L,1.4,255.97
Li-ion (2030 NREL forecast) L,1.5,249.49
Li-ion (2030 NREL forecast) L,1.6,243.82
Li-ion (2030 NREL forecast) L,1.7,238.82
Li-ion (2030 NREL forecast) L,1.8,234.37
Li-ion (2030 NREL forecast) L,1.9,230.39
Li-ion (2030 NREL forecast) L,2.0,226.81
Li-ion (2030 NREL forecast) L,2.1,223.57
Li-ion (2030 NREL forecast) L,2.2,220.62
Li-ion (2030 NREL forecast) L,2.3,217.93
Li-ion (2030 NREL forecast) L,2.4,215.47
Li-ion (2030 NREL forecast) L,2.5,213.2
Li-ion (2030 NREL forecast) L,2.6,211.1
Li-ion (2030 NREL forecast) L,2.7,209.17
Li-ion (2030 NREL forecast) L,2.8,207.37
Li-ion (2030 NREL forecast) L,2.9,205.69
Li-ion (2030 NREL forecast) L,3.0,204.12
Li-ion (2030 NREL forecast) L,3.1,202.66
Li-ion (2030 NREL forecast) L,3.2,201.29
Li-ion (2030 NREL forecast) L,3.3,200.0
Li-ion (2030 NREL forecast) L,3.4,198.79
Li-ion (2030 NREL forecast) L,3.5,197.64
Li-ion (2030 NREL forecast) L,3.6,196.56
Li-ion (2030 NREL forecast) L,3.7,195.54
Li-ion (2030 NREL forecast) L,3.8,194.57
Li-ion (2030 NREL forecast) L,3.9,193.66
Li-ion (2030 NREL forecast) L,4.0,192.78
Li-ion (2030 NREL forecast) L,4.1,191.95
Li-ion (2030 NREL forecast) L,4.2,191.16
Li-ion (2030 NREL forecast) L,4.3,190.41
Li-ion (2030 NREL forecast) L,4.4,189.69
Li-ion (2030 NREL forecast) L,4.5,189.0
Li-ion (2030 NREL forecast) L,4.6,188.35
Li-ion (2030 NREL forecast) L,4.7,187.72
Li-ion (2030 NREL forecast) L,4.8,187.11
Li-ion (2030 NREL forecast) L,4.9,186.53
Li-ion (2030 NREL forecast) L,5.0,185.98
Li-ion (2030 NREL forecast) L,5.1,185.45
Li-ion (2030 NREL forecast) L,5.2,184.93
Li-ion (2030 NREL forecast) L,5.3,184.44
Li-ion (2030 NREL forecast) L,5.4,183.96
Li-ion (2030 NREL forecast) L,5.5,183.5
Li-ion (2030 NREL forecast) L,5.6,183.06
Li-ion (2030 NREL forecast) L,5.7,182.64
Li-ion (2030 NREL forecast) L,5.8,182.22
Li-ion (2030 NREL forecast) L,5.9,181.83
Li-ion (2030 NREL forecast) L,6.0,181.44
Li-ion (2030 NREL forecast) L,6.1,181.07
Li-ion (2030 NREL forecast) L,6.2,180.71
Li-ion (2030 NREL forecast) L,6.3,180.36
Li-ion (2030 NREL forecast) L,6.4,180.03
Li-ion (2030 NREL forecast) L,6.5,179.7
Li-ion (2030 NREL forecast) L,6.6,179.38
Li-ion (2030 NREL forecast) L,6.7,179.07
Li-ion (2030 NREL forecast) L,6.8,178.77
Li-ion (2030 NREL forecast) L,6.9,178.48
Li-ion (2030 NREL forecast) L,7.0,178.2
Li-ion (2030 NREL forecast) L,7.1,177.93
Li-ion (2030 NREL forecast) L,7.2,177.66
Li-ion (2030 NREL forecast) L,7.3,177.4
Li-ion (2030 NREL forecast) L,7.4,177.15
Li-ion (2030 NREL forecast) L,7.5,176.91
Li-ion (2030 NREL forecast) L,7.6,176.67
Li-ion (2030 NREL forecast) L,7.7,176.44
Li-ion (2030 NREL forecast) L,7.8,176.21
Li-ion (2030 NREL forecast) L,7.9,175.99
Li-ion (2030 NREL forecast) L,8.0,175.77
Li-ion (2030 NREL forecast) L,8.1,175.56
Li-ion (2030 NREL forecast) L,8.2,175.36
Li-ion (2030 NREL forecast) L,8.3,175.16
Li-ion (2030 NREL forecast) L,8.4,174.96
Li-ion (2030 NREL forecast) L,8.5,174.77
Li-ion (2030 NREL forecast) L,8.6,174.59
Li-ion (2030 NREL forecast) L,8.7,174.4
Li-ion (2030 NREL forecast) L,8.8,174.23
Li-ion (2030 NREL forecast) L,8.9,174.05
Li-ion (2030 NREL forecast) L,9.0,173.88
Li-ion (2030 NREL forecast) L,9.1,173.72
Li-ion (2030 NREL forecast) L,9.2,173.55
Li-ion (2030 NREL forecast) L,9.3,173.39
Li-ion (2030 NREL forecast) L,9.4,173.24
Li-ion (2030 NREL forecast) L,9.5,173.09
Li-ion (2030 NREL forecast) L,9.6,172.94
Li-ion (2030 NREL forecast) L,9.7,172.79
Li-ion (2030 NREL forecast) L,9.8,172.65
Li-ion (2030 NREL forecast) L,9.9,172.51
Li-ion (2030 NREL forecast) L,10.0,172.37
Li-ion (2030 NREL forecast) L,10.1,172.24
Li-ion (2030 NREL forecast) L,10.2,172.1
Li-ion (2030 NREL forecast) L,10.3,171.97
Li-ion (2030 NREL forecast) L,10.4,171.85
Li-ion (2030 NREL forecast) L,10.5,171.72
Li-ion (2030 NREL forecast) L,10.6,171.6
Li-ion (2030 NREL forecast) L,10.7,171.48
Li-ion (2030 NREL forecast) L,10.8,171.36
Li-ion (2030 NREL forecast) L,10.9,171.25
Li-ion (2030 NREL forecast) L,11.0,171.13
Li-ion (2030 NREL forecast) L,11.1,171.02
Li-ion (2030 NREL forecast) L,11.2,170.91
Li-ion (2030 NREL forecast) L,11.3,170.8
Li-ion (2030 NREL forecast) L,11.4,170.7
Li-ion (2030 NREL forecast) L,11.5,170.59
Li-ion (2030 NREL forecast) L,11.6,170.49
Li-ion (2030 NREL forecast) L,11.7,170.39
Li-ion (2030 NREL forecast) L,11.8,170.29
Li-ion (2030 NREL forecast) L,11.9,170.2
Li-ion (2030 NREL forecast) L,12.0,170.1
Li-ion (2030 NREL forecast),0.1,2392.85
Li-ion (2030 NREL forecast),0.2,1320.29
Li-ion (2030 NREL forecast),0.3,962.77
Li-ion (2030 NREL forecast),0.4,784.01
Li-ion (2030 NREL forecast),0.5,676.76
Li-ion (2030 NREL forecast),0.6,605.25
Li-ion (2030 NREL forecast),0.7,554.18
Li-ion (2030 NREL forecast),0.8,515.87
Li-ion (2030 NREL forecast),0.9,486.08
Li-ion (2030 NREL forecast),1.0,462.25
Li-ion (2030 NREL forecast),1.1,442.75
Li-ion (2030 NREL forecast),1.2,426.49
Li-ion (2030 NREL forecast),1.3,412.74
Li-ion (2030 NREL forecast),1.4,400.96
Li-ion (2030 NREL forecast),1.5,390.74
Li-ion (2030 NREL forecast),1.6,381.8
Li-ion (2030 NREL forecast),1.7,373.92
Li-ion (2030 NREL forecast),1.8,366.91
Li-ion (2030 NREL forecast),1.9,360.64
Li-ion (2030 NREL forecast),2.0,354.99
Li-ion (2030 NREL forecast),2.1,349.88
Li-ion (2030 NREL forecast),2.2,345.24
Li-ion (2030 NREL forecast),2.3,341.0
Li-ion (2030 NREL forecast),2.4,337.11
Li-ion (2030 NREL forecast),2.5,333.54
Li-ion (2030 NREL forecast),2.6,330.24
Li-ion (2030 NREL forecast),2.7,327.18
Li-ion (2030 NREL forecast),2.8,324.35
Li-ion (2030 NREL forecast),2.9,321.7
Li-ion (2030 NREL forecast),3.0,319.24
Li-ion (2030 NREL forecast),3.1,316.93
Li-ion (2030 NREL forecast),3.2,314.77
Li-ion (2030 NREL forecast),3.3,312.74
Li-ion (2030 NREL forecast),3.4,310.83
Li-ion (2030 NREL forecast),3.5,309.02
Li-ion (2030 NREL forecast),3.6,307.32
Li-ion (2030 NREL forecast),3.7,305.71
Li-ion (2030 NREL forecast),3.8,304.19
Li-ion (2030 NREL forecast),3.9,302.74
Li-ion (2030 NREL forecast),4.0,301.36
Li-ion (2030 NREL forecast),4.1,300.05
Li-ion (2030 NREL forecast),4.2,298.81
Li-ion (2030 NREL forecast),4.3,297.62
Li-ion (2030 NREL forecast),4.4,296.49
Li-ion (2030 NREL forecast),4.5,295.4
Li-ion (2030 NREL forecast),4.6,294.37
Li-ion (2030 NREL forecast),4.7,293.38
Li-ion (2030 NREL forecast),4.8,292.42
Li-ion (2030 NREL forecast),4.9,291.51
Li-ion (2030 NREL forecast),5.0,290.64
Li-ion (2030 NREL forecast),5.1,289.8
Li-ion (2030 NREL forecast),5.2,288.99
Li-ion (2030 NREL forecast),5.3,288.21
Li-ion (2030 NREL forecast),5.4,287.46
Li-ion (2030 NREL forecast),5.5,286.74
Li-ion (2030 NREL forecast),5.6,286.04
Li-ion (2030 NREL forecast),5.7,285.37
Li-ion (2030 NREL forecast),5.8,284.72
Li-ion (2030 NREL forecast),5.9,284.09
Li-ion (2030 NREL forecast),6.0,283.49
Li-ion (2030 NREL forecast),6.1,282.9
Li-ion (2030 NREL forecast),6.2,282.33
Li-ion (2030 NREL forecast),6.3,281.78
Li-ion (2030 NREL forecast),6.4,281.25
Li-ion (2030 NREL forecast),6.5,280.74
Li-ion (2030 NREL forecast),6.6,280.24
Li-ion (2030 NREL forecast),6.7,279.75
Li-ion (2030 NREL forecast),6.8,279.28
Li-ion (2030 NREL forecast),6.9,278.82
Li-ion (2030 NREL forecast),7.0,278.38
Li-ion (2030 NREL forecast),7.1,277.95
Li-ion (2030 NREL forecast),7.2,277.53
Li-ion (2030 NREL forecast),7.3,277.12
Li-ion (2030 NREL forecast),7.4,276.72
Li-ion (2030 NREL forecast),7.5,276.34
Li-ion (2030 NREL forecast),7.6,275.96
Li-ion (2030 NREL forecast),7.7,275.59
Li-ion (2030 NREL forecast),7.8,275.24
Li-ion (2030 NREL forecast),7.9,274.89
Li-ion (2030 NREL forecast),8.0,274.55
Li-ion (2030 NREL forecast),8.1,274.22
Li-ion (2030 NREL forecast),8.2,273.9
Li-ion (2030 NREL forecast),8.3,273.58
Li-ion (2030 NREL forecast),8.4,273.27
Li-ion (2030 NREL forecast),8.5,272.97
Li-ion (2030 NREL forecast),8.6,272.68
Li-ion (2030 NREL forecast),8.7,272.39
Li-ion (2030 NREL forecast),8.8,272.11
Li-ion (2030 NREL forecast),8.9,271.84
Li-ion (2030 NREL forecast),9.0,271.57
Li-ion (2030 NREL forecast),9.1,271.31
Li-ion (2030 NREL forecast),9.2,271.05
Li-ion (2030 NREL forecast),9.3,270.8
Li-ion (2030 NREL forecast),9.4,270.56
Li-ion (2030 NREL forecast),9.5,270.32
Li-ion (2030 NREL forecast),9.6,270.08
Li-ion (2030 NREL forecast),9.7,269.85
Li-ion (2030 NREL forecast),9.8,269.62
Li-ion (2030 NREL forecast),9.9,269.4
Li-ion (2030 NREL forecast),10.0,269.19
Li-ion (2030 NREL forecast),10.1,268.97
Li-ion (2030 NREL forecast),10.2,268.77
Li-ion (2030 NREL forecast),10.3,268.56
Li-ion (2030 NREL forecast),10.4,268.36
Li-ion (2030 NREL forecast),10.5,268.16
Li-ion (2030 NREL forecast),10.6,267.97
Li-ion (2030 NREL forecast),10.7,267.78
Li-ion (2030 NREL forecast),10.8,267.6
Li-ion (2030 NREL forecast),10.9,267.42
Li-ion (2030 NREL forecast),11.0,267.24
Li-ion (2030 NREL forecast),11.1,267.06
Li-ion (2030 NREL forecast),11.2,266.89
Li-ion (2030 NREL forecast),11.3,266.72
Li-ion (2030 NREL forecast),11.4,266.55
Li-ion (2030 NREL forecast),11.5,266.39
Li-ion (2030 NREL forecast),11.6,266.23
Li-ion (2030 NREL forecast),11.7,266.07
Li-ion (2030 NREL forecast),11.8,265.91
Li-ion (2030 NREL forecast),11.9,265.76
Li-ion (2030 NREL forecast),12.0,265.61
Li-ion (2030 NREL forecast) U,0.1,2527.06
Li-ion (2030 NREL forecast) U,0.2,1394.19
Li-ion (2030 NREL forecast) U,0.3,1016.56
Li-ion (2030 NREL forecast) U,0.4,827.75
Li-ion (2030 NREL forecast) U,0.5,714.46
Li-ion (2030 NREL forecast) U,0.6,638.93
Li-ion (2030 NREL forecast) U,0.7,584.99
Li-ion (2030 NREL forecast) U,0.8,544.53
Li-ion (2030 NREL forecast) U,0.9,513.06
Li-ion (2030 NREL forecast) U,1.0,487.88
Li-ion (2030 NREL forecast) U,1.1,467.29
Li-ion (2030 NREL forecast) U,1.2,450.12
Li-ion (2030 NREL forecast) U,1.3,435.6
Li-ion (2030 NREL forecast) U,1.4,423.15
Li-ion (2030 NREL forecast) U,1.5,412.36
Li-ion (2030 NREL forecast) U,1.6,402.92
Li-ion (2030 NREL forecast) U,1.7,394.59
Li-ion (2030 NREL forecast) U,1.8,387.18
Li-ion (2030 NREL forecast) U,1.9,380.56
Li-ion (2030 NREL forecast) U,2.0,374.6
Li-ion (2030 NREL forecast) U,2.1,369.2
Li-ion (2030 NREL forecast) U,2.2,364.3
Li-ion (2030 NREL forecast) U,2.3,359.82
Li-ion (2030 NREL forecast) U,2.4,355.71
Li-ion (2030 NREL forecast) U,2.5,351.94
Li-ion (2030 NREL forecast) U,2.6,348.45
Li-ion (2030 NREL forecast) U,2.7,345.22
Li-ion (2030 NREL forecast) U,2.8,342.23
Li-ion (2030 NREL forecast) U,2.9,339.44
Li-ion (2030 NREL forecast) U,3.0,336.83
Li-ion (2030 NREL forecast) U,3.1,334.4
Li-ion (2030 NREL forecast) U,3.2,332.11
Li-ion (2030 NREL forecast) U,3.3,329.97
Li-ion (2030 NREL forecast) U,3.4,327.95
Li-ion (2030 NREL forecast) U,3.5,326.04
Li-ion (2030 NREL forecast) U,3.6,324.25
Li-ion (2030 NREL forecast) U,3.7,322.54
Li-ion (2030 NREL forecast) U,3.8,320.93
Li-ion (2030 NREL forecast) U,3.9,319.4
Li-ion (2030 NREL forecast) U,4.0,317.95
Li-ion (2030 NREL forecast) U,4.1,316.57
Li-ion (2030 NREL forecast) U,4.2,315.25
Li-ion (2030 NREL forecast) U,4.3,314.0
Li-ion (2030 NREL forecast) U,4.4,312.8
Li-ion (2030 NREL forecast) U,4.5,311.66
Li-ion (2030 NREL forecast) U,4.6,310.56
Li-ion (2030 NREL forecast) U,4.7,309.52
Li-ion (2030 NREL forecast) U,4.8,308.51
Li-ion (2030 NREL forecast) U,4.9,307.55
Li-ion (2030 NREL forecast) U,5.0,306.62
Li-ion (2030 NREL forecast) U,5.1,305.73
Li-ion (2030 NREL forecast) U,5.2,304.88
Li-ion (2030 NREL forecast) U,5.3,304.06
Li-ion (2030 NREL forecast) U,5.4,303.27
Li-ion (2030 NREL forecast) U,5.5,302.5
Li-ion (2030 NREL forecast) U,5.6,301.77
Li-ion (2030 NREL forecast) U,5.7,301.06
Li-ion (2030 NREL forecast) U,5.8,300.37
Li-ion (2030 NREL forecast) U,5.9,299.71
Li-ion (2030 NREL forecast) U,6.0,299.07
Li-ion (2030 NREL forecast) U,6.1,298.45
Li-ion (2030 NREL forecast) U,6.2,297.85
Li-ion (2030 NREL forecast) U,6.3,297.27
Li-ion (2030 NREL forecast) U,6.4,296.71
Li-ion (2030 NREL forecast) U,6.5,296.17
Li-ion (2030 NREL forecast) U,6.6,295.64
Li-ion (2030 NREL forecast) U,6.7,295.12
Li-ion (2030 NREL forecast) U,6.8,294.63
Li-ion (2030 NREL forecast) U,6.9,294.14
Li-ion (2030 NREL forecast) U,7.0,293.68
Li-ion (2030 NREL forecast) U,7.1,293.22
Li-ion (2030 NREL forecast) U,7.2,292.78
Li-ion (2030 NREL forecast) U,7.3,292.35
Li-ion (2030 NREL forecast) U,7.4,291.93
Li-ion (2030 NREL forecast) U,7.5,291.52
Li-ion (2030 NREL forecast) U,7.6,291.12
Li-ion (2030 NREL forecast) U,7.7,290.73
Li-ion (2030 NREL forecast) U,7.8,290.36
Li-ion (2030 NREL forecast) U,7.9,289.99
Li-ion (2030 NREL forecast) U,8.0,289.63
Li-ion (2030 NREL forecast) U,8.1,289.28
Li-ion (2030 NREL forecast) U,8.2,288.94
Li-ion (2030 NREL forecast) U,8.3,288.61
Li-ion (2030 NREL forecast) U,8.4,288.28
Li-ion (2030 NREL forecast) U,8.5,287.96
Li-ion (2030 NREL forecast) U,8.6,287.65
Li-ion (2030 NREL forecast) U,8.7,287.35
Li-ion (2030 NREL forecast) U,8.8,287.05
Li-ion (2030 NREL forecast) U,8.9,286.77
Li-ion (2030 NREL forecast) U,9.0,286.48
Li-ion (2030 NREL forecast) U,9.1,286.21
Li-ion (2030 NREL forecast) U,9.2,285.94
Li-ion (2030 NREL forecast) U,9.3,285.67
Li-ion (2030 NREL forecast) U,9.4,285.41
Li-ion (2030 NREL forecast) U,9.5,285.16
Li-ion (2030 NREL forecast) U,9.6,284.91
Li-ion (2030 NREL forecast) U,9.7,284.67
Li-ion (2030 NREL forecast) U,9.8,284.43
Li-ion (2030 NREL forecast) U,9.9,284.19
Li-ion (2030 NREL forecast) U,10.0,283.97
Li-ion (2030 NREL forecast) U,10.1,283.74
Li-ion (2030 NREL forecast) U,10.2,283.52
Li-ion (2030 NREL forecast) U,10.3,283.31
Li-ion (2030 NREL forecast) U,10.4,283.09
Li-ion (2030 NREL forecast) U,10.5,282.89
Li-ion (2030 NREL forecast) U,10.6,282.68
Li-ion (2030 NREL forecast) U,10.7,282.48
Li-ion (2030 NREL forecast) U,10.8,282.29
Li-ion (2030 NREL forecast) U,10.9,282.09
Li-ion (2030 NREL forecast) U,11.0,281.91
Li-ion (2030 NREL forecast) U,11.1,281.72
Li-ion (2030 NREL forecast) U,11.2,281.54
Li-ion (2030 NREL forecast) U,11.3,281.36
Li-ion (2030 NREL forecast) U,11.4,281.18
Li-ion (2030 NREL forecast) U,11.5,281.01
Li-ion (2030 NREL forecast) U,11.6,280.84
Li-ion (2030 NREL forecast) U,11.7,280.67
Li-ion (2030 NREL forecast) U,11.8,280.51
Li-ion (2030 NREL forecast) U,11.9,280.35
Li-ion (2030 NREL forecast) U,12.0,280.19
Li-ion,0.1,2654.25
Li-ion,0.2,1472.08
Li-ion,0.3,1078.02
Li-ion,0.4,880.99
Li-ion,0.5,762.77
Li-ion,0.6,683.96
Li-ion,0.7,627.67
Li-ion,0.8,585.44
Li-ion,0.9,552.61
Li-ion,1.0,526.34
Li-ion,1.1,504.84
Li-ion,1.2,486.93
Li-ion,1.3,471.77
Li-ion,1.4,458.78
Li-ion,1.5,447.52
Li-ion,1.6,437.67
Li-ion,1.7,428.98
Li-ion,1.8,421.25
Li-ion,1.9,414.34
Li-ion,2.0,408.12
Li-ion,2.1,402.49
Li-ion,2.2,397.37
Li-ion,2.3,392.7
Li-ion,2.4,388.42
Li-ion,2.5,384.47
Li-ion,2.6,380.84
Li-ion,2.7,377.47
Li-ion,2.8,374.34
Li-ion,2.9,371.43
Li-ion,3.0,368.71
Li-ion,3.1,366.17
Li-ion,3.2,363.79
Li-ion,3.3,361.55
Li-ion,3.4,359.44
Li-ion,3.5,357.45
Li-ion,3.6,355.58
Li-ion,3.7,353.8
Li-ion,3.8,352.12
Li-ion,3.9,350.53
Li-ion,4.0,349.01
Li-ion,4.1,347.57
Li-ion,4.2,346.19
Li-ion,4.3,344.89
Li-ion,4.4,343.64
Li-ion,4.5,342.44
Li-ion,4.6,341.3
Li-ion,4.7,340.21
Li-ion,4.8,339.16
Li-ion,4.9,338.15
Li-ion,5.0,337.19
Li-ion,5.1,336.26
Li-ion,5.2,335.37
Li-ion,5.3,334.51
Li-ion,5.4,333.68
Li-ion,5.5,332.89
Li-ion,5.6,332.12
Li-ion,5.7,331.38
Li-ion,5.8,330.67
Li-ion,5.9,329.97
Li-ion,6.0,329.31
Li-ion,6.1,328.66
Li-ion,6.2,328.04
Li-ion,6.3,327.43
Li-ion,6.4,326.84
Li-ion,6.5,326.28
Li-ion,6.6,325.72
Li-ion,6.7,325.19
Li-ion,6.8,324.67
Li-ion,6.9,324.17
Li-ion,7.0,323.68
Li-ion,7.1,323.2
Li-ion,7.2,322.74
Li-ion,7.3,322.29
Li-ion,7.4,321.85
Li-ion,7.5,321.43
Li-ion,7.6,321.01
Li-ion,7.7,320.61
Li-ion,7.8,320.21
Li-ion,7.9,319.83
Li-ion,8.0,319.46
Li-ion,8.1,319.09
Li-ion,8.2,318.73
Li-ion,8.3,318.39
Li-ion,8.4,318.05
Li-ion,8.5,317.72
Li-ion,8.6,317.39
Li-ion,8.7,317.08
Li-ion,8.8,316.77
Li-ion,8.9,316.47
Li-ion,9.0,316.17
Li-ion,9.1,315.88
Li-ion,9.2,315.6
Li-ion,9.3,315.32
Li-ion,9.4,315.05
Li-ion,9.5,314.79
Li-ion,9.6,314.53
Li-ion,9.7,314.28
Li-ion,9.8,314.03
Li-ion,9.9,313.78
Li-ion,10.0,313.54
Li-ion,10.1,313.31
Li-ion,10.2,313.08
Li-ion,10.3,312.86
Li-ion,10.4,312.63
Li-ion,10.5,312.42
Li-ion,10.6,312.21
Li-ion,10.7,312.0
Li-ion,10.8,311.79
Li-ion,10.9,311.59
Li-ion,11.0,311.39
Li-ion,11.1,311.2
Li-ion,11.2,311.01
Li-ion,11.3,310.82
Li-ion,11.4,310.64
Li-ion,11.5,310.46
Li-ion,11.6,310.28
Li-ion,11.7,310.11
Li-ion,11.8,309.94
Li-ion,11.9,309.77
Li-ion,12.0,309.6
Nas,0.1,5525.9
Nas,0.2,2953.71
Nas,0.3,2096.32
Nas,0.4,1667.62
Nas,0.5,1410.4
Nas,0.6,1238.92
Nas,0.7,1116.44
Nas,0.8,1024.57
Nas,0.9,953.12
Nas,1.0,895.96
Nas,1.1,849.2
Nas,1.2,810.22
Nas,1.3,777.25
Nas,1.4,748.98
Nas,1.5,724.48
Nas,1.6,703.05
Nas,1.7,684.13
Nas,1.8,667.32
Nas,1.9,652.28
Nas,2.0,638.74
Nas,2.1,626.49
Nas,2.2,615.36
Nas,2.3,605.19
Nas,2.4,595.87
Nas,2.5,587.3
Nas,2.6,579.39
Nas,2.7,572.06
Nas,2.8,565.25
Nas,2.9,558.92
Nas,3.0,553.0
Nas,3.1,547.47
Nas,3.2,542.29
Nas,3.3,537.41
Nas,3.4,532.83
Nas,3.5,528.51
Nas,3.6,524.42
Nas,3.7,520.56
Nas,3.8,516.9
Nas,3.9,513.43
Nas,4.0,510.13
Nas,4.1,507.0
Nas,4.2,504.01
Nas,4.3,501.16
Nas,4.4,498.44
Nas,4.5,495.84
Nas,4.6,493.36
Nas,4.7,490.98
Nas,4.8,488.7
Nas,4.9,486.51
Nas,5.0,484.41
Nas,5.1,482.39
Nas,5.2,480.45
Nas,5.3,478.59
Nas,5.4,476.79
Nas,5.5,475.06
Nas,5.6,473.39
Nas,5.7,471.78
Nas,5.8,470.22
Nas,5.9,468.72
Nas,6.0,467.26
Nas,6.1,465.86
Nas,6.2,464.5
Nas,6.3,463.18
Nas,6.4,461.91
Nas,6.5,460.67
Nas,6.6,459.47
Nas,6.7,458.31
Nas,6.8,457.18
Nas,6.9,456.08
Nas,7.0,455.02
Nas,7.1,453.98
Nas,7.2,452.97
Nas,7.3,452.0
Nas,7.4,451.04
Nas,7.5,450.12
Nas,7.6,449.21
Nas,7.7,448.33
Nas,7.8,447.48
Nas,7.9,446.64
Nas,8.0,445.83
Nas,8.1,445.04
Nas,8.2,444.26
Nas,8.3,443.5
Nas,8.4,442.77
Nas,8.5,442.05
Nas,8.6,441.34
Nas,8.7,440.66
Nas,8.8,439.98
Nas,8.9,439.33
Nas,9.0,438.68
Nas,9.1,438.06
Nas,9.2,437.44
Nas,9.3,436.84
Nas,9.4,436.25
Nas,9.5,435.68
Nas,9.6,435.11
Nas,9.7,434.56
Nas,9.8,434.02
Nas,9.9,433.49
Nas,10.0,432.97
Nas,10.1,432.46
Nas,10.2,431.96
Nas,10.3,431.47
Nas,10.4,430.99
Nas,10.5,430.52
Nas,10.6,430.06
Nas,10.7,429.6
Nas,10.8,429.16
Nas,10.9,428.72
Nas,11.0,428.29
Nas,11.1,427.87
Nas,11.2,427.46
Nas,11.3,427.05
Nas,11.4,426.65
Nas,11.5,426.26
Nas,11.6,425.87
Nas,11.7,425.49
Nas,11.8,425.12
Nas,11.9,424.75
Nas,12.0,424.39
Lead-Acid,0.1,7272.12
Lead-Acid,0.2,3984.48
Lead-Acid,0.3,2888.6
Lead-Acid,0.4,2340.66
Lead-Acid,0.5,2011.9
Lead-Acid,0.6,1792.72
Lead-Acid,0.7,1636.17
Lead-Acid,0.8,1518.75
Lead-Acid,0.9,1427.43
Lead-Acid,1.0,1354.37
Lead-Acid,1.1,1294.6
Lead-Acid,1.2,1244.78
Lead-Acid,1.3,1202.63
Lead-Acid,1.4,1166.51
Lead-Acid,1.5,1135.2
Lead-Acid,1.6,1107.8
Lead-Acid,1.7,1083.62
Lead-Acid,1.8,1062.14
Lead-Acid,1.9,1042.91
Lead-Acid,2.0,1025.61
Lead-Acid,2.1,1009.95
Lead-Acid,2.2,995.72
Lead-Acid,2.3,982.73
Lead-Acid,2.4,970.81
Lead-Acid,2.5,959.85
Lead-Acid,2.6,949.74
Lead-Acid,2.7,940.37
Lead-Acid,2.8,931.68
Lead-Acid,2.9,923.58
Lead-Acid,3.0,916.02
Lead-Acid,3.1,908.95
Lead-Acid,3.2,902.32
Lead-Acid,3.3,896.09
Lead-Acid,3.4,890.23
Lead-Acid,3.5,884.71
Lead-Acid,3.6,879.49
Lead-Acid,3.7,874.55
Lead-Acid,3.8,869.88
Lead-Acid,3.9,865.44
Lead-Acid,4.0,861.23
Lead-Acid,4.1,857.22
Lead-Acid,4.2,853.4
Lead-Acid,4.3,849.76
Lead-Acid,4.4,846.28
Lead-Acid,4.5,842.96
Lead-Acid,4.6,839.78
Lead-Acid,4.7,836.74
Lead-Acid,4.8,833.83
Lead-Acid,4.9,831.03
Lead-Acid,5.0,828.35
Lead-Acid,5.1,825.77
Lead-Acid,5.2,823.29
Lead-Acid,5.3,820.91
Lead-Acid,5.4,818.61
Lead-Acid,5.5,816.39
Lead-Acid,5.6,814.26
Lead-Acid,5.7,812.2
Lead-Acid,5.8,810.21
Lead-Acid,5.9,808.29
Lead-Acid,6.0,806.43
Lead-Acid,6.1,804.64
Lead-Acid,6.2,802.9
Lead-Acid,6.3,801.21
Lead-Acid,6.4,799.58
Lead-Acid,6.5,798.0
Lead-Acid,6.6,796.47
Lead-Acid,6.7,794.98
Lead-Acid,6.8,793.54
Lead-Acid,6.9,792.14
Lead-Acid,7.0,790.78
Lead-Acid,7.1,789.45
Lead-Acid,7.2,788.17
Lead-Acid,7.3,786.92
Lead-Acid,7.4,785.7
Lead-Acid,7.5,784.51
Lead-Acid,7.6,783.36
Lead-Acid,7.7,782.24
Lead-Acid,7.8,781.14
Lead-Acid,7.9,780.08
Lead-Acid,8.0,779.03
Lead-Acid,8.1,778.02
Lead-Acid,8.2,777.03
Lead-Acid,8.3,776.06
Lead-Acid,8.4,775.12
Lead-Acid,8.5,774.2
Lead-Acid,8.6,773.3
Lead-Acid,8.7,772.42
Lead-Acid,8.8,771.56
Lead-Acid,8.9,770.72
Lead-Acid,9.0,769.9
Lead-Acid,9.1,769.1
Lead-Acid,9.2,768.31
Lead-Acid,9.3,767.55
Lead-Acid,9.4,766.79
Lead-Acid,9.5,766.06
Lead-Acid,9.6,765.34
Lead-Acid,9.7,764.63
Lead-Acid,9.8,763.94
Lead-Acid,9.9,763.26
Lead-Acid,10.0,762.6
Lead-Acid,10.1,761.95
Lead-Acid,10.2,761.31
Lead-Acid,10.3,760.68
Lead-Acid,10.4,760.07
Lead-Acid,10.5,759.47
Lead-Acid,10.6,758.87
Lead-Acid,10.7,758.3
Lead-Acid,10.8,757.73
Lead-Acid,10.9,757.17
Lead-Acid,11.0,756.62
Lead-Acid,11.1,756.08
Lead-Acid,11.2,755.55
Lead-Acid,11.3,755.03
Lead-Acid,11.4,754.52
Lead-Acid,11.5,754.02
Lead-Acid,11.6,753.53
Lead-Acid,11.7,753.04
Lead-Acid,11.8,752.57
Lead-Acid,11.9,752.1
Lead-Acid,12.0,751.64
Vanadium Flow,0.1,2573.57
Vanadium Flow,0.2,1370.61
Vanadium Flow,0.3,969.62
Vanadium Flow,0.4,769.13
Vanadium Flow,0.5,648.83
Vanadium Flow,0.6,568.63
Vanadium Flow,0.7,511.35
Vanadium Flow,0.8,468.39
Vanadium Flow,0.9,434.97
Vanadium Flow,1.0,408.24
Vanadium Flow,1.1,386.37
Vanadium Flow,1.2,368.14
Vanadium Flow,1.3,352.72
Vanadium Flow,1.4,339.5
Vanadium Flow,1.5,328.04
Vanadium Flow,1.6,318.02
Vanadium Flow,1.7,309.17
Vanadium Flow,1.8,301.31
Vanadium Flow,1.9,294.27
Vanadium Flow,2.0,287.94
Vanadium Flow,2.1,282.21
Vanadium Flow,2.2,277.01
Vanadium Flow,2.3,272.25
Vanadium Flow,2.4,267.89
Vanadium Flow,2.5,263.88
Vanadium Flow,2.6,260.18
Vanadium Flow,2.7,256.75
Vanadium Flow,2.8,253.57
Vanadium Flow,2.9,250.61
Vanadium Flow,3.0,247.84
Vanadium Flow,3.1,245.26
Vanadium Flow,3.2,242.83
Vanadium Flow,3.3,240.55
Vanadium Flow,3.4,238.41
Vanadium Flow,3.5,236.39
Vanadium Flow,3.6,234.48
Vanadium Flow,3.7,232.67
Vanadium Flow,3.8,230.96
Vanadium Flow,3.9,229.34
Vanadium Flow,4.0,227.79
Vanadium Flow,4.1,226.33
Vanadium Flow,4.2,224.93
Vanadium Flow,4.3,223.6
Vanadium Flow,4.4,222.33
Vanadium Flow,4.5,221.11
Vanadium Flow,4.6,219.95
Vanadium Flow,4.7,218.84
Vanadium Flow,4.8,217.77
Vanadium Flow,4.9,216.75
Vanadium Flow,5.0,215.76
Vanadium Flow,5.1,214.82
Vanadium Flow,5.2,213.91
Vanadium Flow,5.3,213.04
Vanadium Flow,5.4,212.2
Vanadium Flow,5.5,211.39
Vanadium Flow,5.6,210.61
Vanadium Flow,5.7,209.86
Vanadium Flow,5.8,209.13
Vanadium Flow,5.9,208.42
Vanadium Flow,6.0,207.75
Vanadium Flow,6.1,207.09
Vanadium Flow,6.2,206.45
Vanadium Flow,6.3,205.84
Vanadium Flow,6.4,205.24
Vanadium Flow,6.5,204.66
Vanadium Flow,6.6,204.1
Vanadium Flow,6.7,203.56
Vanadium Flow,6.8,203.03
Vanadium Flow,6.9,202.51
Vanadium Flow,7.0,202.02
Vanadium Flow,7.1,201.53
Vanadium Flow,7.2,201.06
Vanadium Flow,7.3,200.6
Vanadium Flow,7.4,200.16
Vanadium Flow,7.5,199.73
Vanadium Flow,7.6,199.3
Vanadium Flow,7.7,198.89
Vanadium Flow,7.8,198.49
Vanadium Flow,7.9,198.1
Vanadium Flow,8.0,197.72
Vanadium Flow,8.1,197.35
Vanadium Flow,8.2,196.99
Vanadium Flow,8.3,196.63
Vanadium Flow,8.4,196.29
Vanadium Flow,8.5,195.95
Vanadium Flow,8.6,195.62
Vanadium Flow,8.7,195.3
Vanadium Flow,8.8,194.99
Vanadium Flow,8.9,194.68
Vanadium Flow,9.0,194.38
Vanadium Flow,9.1,194.09
Vanadium Flow,9.2,193.8
Vanadium Flow,9.3,193.52
Vanadium Flow,9.4,193.24
Vanadium Flow,9.5,192.97
Vanadium Flow,9.6,192.71
Vanadium Flow,9.7,192.45
Vanadium Flow,9.8,192.2
Vanadium Flow,9.9,191.95
Vanadium Flow,10.0,191.71
Vanadium Flow,10.1,191.47
Vanadium Flow,10.2,191.23
Vanadium Flow,10.3,191.0
Vanadium Flow,10.4,190.78
Vanadium Flow,10.5,190.56
Vanadium Flow,10.6,190.34
Vanadium Flow,10.7,190.13
Vanadium Flow,10.8,189.92
Vanadium Flow,10.9,189.72
Vanadium Flow,11.0,189.52
Vanadium Flow,11.1,189.32
Vanadium Flow,11.2,189.13
Vanadium Flow,11.3,188.94
Vanadium Flow,11.4,188.75
Vanadium Flow,11.5,188.57
Vanadium Flow,11.6,188.39
Vanadium Flow,11.7,188.21
Vanadium Flow,11.8,188.04
Vanadium Flow,11.9,187.86
Vanadium Flow,12.0,187.7
Hydrogen,0.1,14384.86
Hydrogen,0.2,7242.35
Hydrogen,0.3,4861.51
Hydrogen,0.4,3671.09
Hydrogen,0.5,2956.84
Hydrogen,0.6,2480.67
Hydrogen,0.7,2140.55
Hydrogen,0.8,1885.46
Hydrogen,0.9,1687.06
Hydrogen,1.0,1528.34
Hydrogen,1.1,1398.47
Hydrogen,1.2,1290.25
Hydrogen,1.3,1198.68
Hydrogen,1.4,1120.19
Hydrogen,1.5,1052.17
Hydrogen,1.6,992.65
Hydrogen,1.7,940.13
Hydrogen,1.8,893.45
Hydrogen,1.9,851.68
Hydrogen,2.0,814.09
Hydrogen,2.1,780.08
Hydrogen,2.2,749.16
Hydrogen,2.3,720.92
Hydrogen,2.4,695.05
Hydrogen,2.5,671.24
Hydrogen,2.6,649.26
Hydrogen,2.7,628.91
Hydrogen,2.8,610.02
Hydrogen,2.9,592.42
Hydrogen,3.0,576.0
Hydrogen,3.1,560.64
Hydrogen,3.2,546.24
Hydrogen,3.3,532.72
Hydrogen,3.4,519.98
Hydrogen,3.5,507.98
Hydrogen,3.6,496.64
Hydrogen,3.7,485.92
Hydrogen,3.8,475.76
Hydrogen,3.9,466.12
Hydrogen,4.0,456.96
Hydrogen,4.1,448.25
Hydrogen,4.2,439.96
Hydrogen,4.3,432.05
Hydrogen,4.4,424.5
Hydrogen,4.5,417.28
Hydrogen,4.6,410.38
Hydrogen,4.7,403.77
Hydrogen,4.8,397.44
Hydrogen,4.9,391.37
Hydrogen,5.0,385.54
Hydrogen,5.1,379.93
Hydrogen,5.2,374.55
Hydrogen,5.3,369.36
Hydrogen,5.4,364.37
Hydrogen,5.5,359.56
Hydrogen,5.6,354.93
Hydrogen,5.7,350.45
Hydrogen,5.8,346.13
Hydrogen,5.9,341.95
Hydrogen,6.0,337.92
Hydrogen,6.1,334.02
Hydrogen,6.2,330.24
Hydrogen,6.3,326.58
Hydrogen,6.4,323.04
Hydrogen,6.5,319.61
Hydrogen,6.6,316.28
Hydrogen,6.7,313.05
Hydrogen,6.8,309.91
Hydrogen,6.9,306.87
Hydrogen,7.0,303.91
Hydrogen,7.1,301.03
Hydrogen,7.2,298.24
Hydrogen,7.3,295.52
Hydrogen,7.4,292.88
Hydrogen,7.5,290.3
Hydrogen,7.6,287.8
Hydrogen,7.7,285.36
Hydrogen,7.8,282.98
Hydrogen,7.9,280.66
Hydrogen,8.0,278.4
Hydrogen,8.1,276.19
Hydrogen,8.2,274.04
Hydrogen,8.3,271.94
Hydrogen,8.4,269.9
Hydrogen,8.5,267.89
Hydrogen,8.6,265.94
Hydrogen,8.7,264.03
Hydrogen,8.8,262.17
Hydrogen,8.9,260.34
Hydrogen,9.0,258.56
Hydrogen,9.1,256.81
Hydrogen,9.2,255.11
Hydrogen,9.3,253.44
Hydrogen,9.4,251.8
Hydrogen,9.5,250.2
Hydrogen,9.6,248.64
Hydrogen,9.7,247.1
Hydrogen,9.8,245.6
Hydrogen,9.9,244.13
Hydrogen,10.0,242.69
Hydrogen,10.1,241.27
Hydrogen,10.2,239.89
Hydrogen,10.3,238.53
Hydrogen,10.4,237.19
Hydrogen,10.5,235.88
Hydrogen,10.6,234.6
Hydrogen,10.7,233.34
Hydrogen,10.8,232.1
Hydrogen,10.9,230.89
Hydrogen,11.0,229.7
Hydrogen,11.1,228.53
Hydrogen,11.2,227.38
Hydrogen,11.3,226.25
Hydrogen,11.4,225.14
Hydrogen,11.5,224.05
Hydrogen,11.6,222.98
Hydrogen,11.7,221.93
Hydrogen,11.8,220.9
Hydrogen,11.9,219.88
Hydrogen,12.0,218.88
Supercapacitor,0.1,3499.19
Supercapacitor,0.2,3087.08
Supercapacitor,0.3,2949.72
Supercapacitor,0.4,2881.03
Supercapacitor,0.5,2839.82
Supercapacitor,0.6,2812.35
Supercapacitor,0.7,2792.72
Supercapacitor,0.8,2778.01
Supercapacitor,0.9,2766.56
Supercapacitor,1.0,2757.4
Supercapacitor,1.1,2749.91
Supercapacitor,1.2,2743.66
Supercapacitor,1.3,2738.38
Supercapacitor,1.4,2733.85
Supercapacitor,1.5,2729.93
Supercapacitor,1.6,2726.49
Supercapacitor,1.7,2723.46
Supercapacitor,1.8,2720.77
Supercapacitor,1.9,2718.36
Supercapacitor,2.0,2716.19
Supercapacitor,2.1,2714.23
Supercapacitor,2.2,2712.44
Supercapacitor,2.3,2710.82
Supercapacitor,2.4,2709.32
Supercapacitor,2.5,2707.95
Supercapacitor,2.6,2706.68
Supercapacitor,2.7,2705.51
Supercapacitor,2.8,2704.42
Supercapacitor,2.9,2703.4
Supercapacitor,3.0,2702.45
Supercapacitor,3.1,2701.57
Supercapacitor,3.2,2700.74
Supercapacitor,3.3,2699.96
Supercapacitor,3.4,2699.22
Supercapacitor,3.5,2698.53
Supercapacitor,3.6,2697.88
Supercapacitor,3.7,2697.26
Supercapacitor,3.8,2696.67
Supercapacitor,3.9,2696.11
Supercapacitor,4.0,2695.59
Supercapacitor,4.1,2695.08
Supercapacitor,4.2,2694.6
Supercapacitor,4.3,2694.15
Supercapacitor,4.4,2693.71
Supercapacitor,4.5,2693.3
Supercapacitor,4.6,2692.9
Supercapacitor,4.7,2692.52
Supercapacitor,4.8,2692.15
Supercapacitor,4.9,2691.8
Supercapacitor,5.0,2691.47
Supercapacitor,5.1,2691.14
Supercapacitor,5.2,2690.83
Supercapacitor,5.3,2690.53
Supercapacitor,5.4,2690.24
Supercapacitor,5.5,2689.97
Supercapacitor,5.6,2689.7
Supercapacitor,5.7,2689.44
Supercapacitor,5.8,2689.19
Supercapacitor,5.9,2688.95
Supercapacitor,6.0,2688.72
Supercapacitor,6.1,2688.49
Supercapacitor,6.2,2688.27
Supercapacitor,6.3,2688.06
Supercapacitor,6.4,2687.86
Supercapacitor,6.5,2687.66
Supercapacitor,6.6,2687.47
Supercapacitor,6.7,2687.28
Supercapacitor,6.8,2687.1
Supercapacitor,6.9,2686.93
Supercapacitor,7.0,2686.76
Supercapacitor,7.1,2686.59
Supercapacitor,7.2,2686.43
Supercapacitor,7.3,2686.27
Supercapacitor,7.4,2686.12
Supercapacitor,7.5,2685.97
Supercapacitor,7.6,2685.83
Supercapacitor,7.7,2685.69
Supercapacitor,7.8,2685.55
Supercapacitor,7.9,2685.41
Supercapacitor,8.0,2685.28
Supercapacitor,8.1,2685.16
Supercapacitor,8.2,2685.03
Supercapacitor,8.3,2684.91
Supercapacitor,8.4,2684.79
Supercapacitor,8.5,2684.68
Supercapacitor,8.6,2684.56
Supercapacitor,8.7,2684.45
Supercapacitor,8.8,2684.35
Supercapacitor,8.9,2684.24
Supercapacitor,9.0,2684.14
Supercapacitor,9.1,2684.04
Supercapacitor,9.2,2683.94
Supercapacitor,9.3,2683.84
Supercapacitor,9.4,2683.75
Supercapacitor,9.5,2683.66
Supercapacitor,9.6,2683.57
Supercapacitor,9.7,2683.48
Supercapacitor,9.8,2683.39
Supercapacitor,9.9,2683.31
Supercapacitor,10.0,2683.22
Supercapacitor,10.1,2683.14
Supercapacitor,10.2,2683.06
Supercapacitor,10.3,2682.98
Supercapacitor,10.4,2682.91
Supercapacitor,10.5,2682.83
Supercapacitor,10.6,2682.76
Supercapacitor,10.7,2682.68
Supercapacitor,10.8,2682.61
Supercapacitor,10.9,2682.54
Supercapacitor,11.0,2682.47
Supercapacitor,11.1,2682.41
Supercapacitor,11.2,2682.34
Supercapacitor,11.3,2682.27
Supercapacitor,11.4,2682.21
Supercapacitor,11.5,2682.15
Supercapacitor,11.6,2682.09
Supercapacitor,11.7,2682.03
Supercapacitor,11.8,2681.97
Supercapacitor,11.9,2681.91
Supercapacitor,12.0,2681.85
Gas CCGT L,0.1,2217.3579050742583
Gas CCGT L,0.2,1146.7532222117234
Gas CCGT L,0.3,789.8849945908789
Gas CCGT L,0.4,611.4508807804561
Gas CCGT L,0.5,504.3904124942026
Gas CCGT L,0.6,433.0167669700338
Gas CCGT L,0.7,382.0355915956271
Gas CCGT L,0.8,343.79971006482236
Gas CCGT L,0.9,314.0606910964187
Gas CCGT L,1.0,290.2694759216956
Gas CCGT L,1.1,270.80393623328587
Gas CCGT L,1.2,254.58265315961123
Gas CCGT L,1.3,240.85695209727098
Gas CCGT L,1.4,229.09206547240785
Gas CCGT L,1.5,218.8958303975267
Gas CCGT L,1.6,209.97412470700553
Gas CCGT L,1.7,202.1020314506635
Gas CCGT L,1.8,195.1046152228037
Gas CCGT L,1.9,188.8437691241923
Gas CCGT L,2.0,183.20900763544213
Gas CCGT L,2.1,178.11089009800153
Gas CCGT L,2.2,173.47623779123725
Gas CCGT L,2.3,169.2445987285395
Gas CCGT L,2.4,165.36559625439997
Gas CCGT L,2.5,161.79691397819147
Gas CCGT L,2.6,158.5027457232298
Gas CCGT L,2.7,155.45258993159865
Gas CCGT L,2.8,152.62030241079825
Gas CCGT L,2.9,149.98334506384623
Gas CCGT L,3.0,147.52218487335767
Gas CCGT L,3.1,145.2198092112877
Gas CCGT L,3.2,143.0613320280971
Gas CCGT L,3.3,141.03367164388783
Gas CCGT L,3.4,139.1252853999261
Gas CCGT L,3.5,137.32594979847636
Gas CCGT L,3.6,135.62657728599618
Gas CCGT L,3.7,134.0190627471635
Gas CCGT L,3.8,132.4961542366905
Gas CCGT L,3.9,131.0513435985494
Gas CCGT L,4.0,129.6787734923154
Gas CCGT L,4.1,128.37315802540988
Gas CCGT L,4.2,127.12971472359511
Gas CCGT L,4.3,125.94410599395772
Gas CCGT L,4.4,124.81238857021296
Gas CCGT L,4.5,123.73096969863468
Gas CCGT L,4.6,122.6965690388641
Gas CCGT L,4.7,121.70618542844551
Gas CCGT L,4.8,120.75706780179434
Gas CCGT L,4.9,119.84668967010843
Gas CCGT L,5.0,118.97272666369008
Gas CCGT L,5.1,118.13303671634691
Gas CCGT L,5.2,117.32564253620924
Gas CCGT L,5.3,116.54871606098241
Gas CCGT L,5.4,115.80056464039367
Gas CCGT L,5.5,115.07961872600814
Gas CCGT L,5.6,114.38442087999344
Gas CCGT L,5.7,113.71361594085658
Gas CCGT L,5.8,113.06594220651745
Gas CCGT L,5.9,112.44022351402037
Gas CCGT L,6.0,111.83536211127317
Gas CCGT L,6.1,111.25033222992754
Gas CCGT L,6.2,110.68417428023818
Gas CCGT L,6.3,110.13598959879292
Gas CCGT L,6.4,109.6049356886429
Gas CCGT L,6.5,109.09022189880515
Gas CCGT L,6.6,108.59110549653826
Gas CCGT L,6.7,108.1068880913539
Gas CCGT L,6.8,107.6369123745574
Gas CCGT L,6.9,107.18055914230561
Gas CCGT L,7.0,106.73724457383251
Gas CCGT L,7.1,106.30641773968257
Gas CCGT L,7.2,105.88755831759242
Gas CCGT L,7.3,105.48017449610744
Gas CCGT L,7.4,105.0838010481761
Gas CCGT L,7.5,104.69799755885631
Gas CCGT L,7.6,104.32234679293956
Gas CCGT L,7.7,103.95645318977398
Gas CCGT L,7.8,103.59994147386902
Gas CCGT L,7.9,103.252455371025
Gas CCGT L,8.0,102.91365642075203
Gas CCGT L,8.1,102.5832228766587
Gas CCGT L,8.2,102.26084868729929
Gas CCGT L,8.3,101.94624255069552
Gas CCGT L,8.4,101.63912703639191
Gas CCGT L,8.5,101.33923776948359
Gas CCGT L,8.6,101.04632267157318
Gas CCGT L,8.7,100.76014125407455
Gas CCGT L,8.8,100.4804639597008
Gas CCGT L,8.9,100.20707154834675
Gas CCGT L,9.0,99.93975452391167
Gas CCGT L,9.1,99.67831259891473
Gas CCGT L,9.2,99.42255419402638
Gas CCGT L,9.3,99.17229596988835
Gas CCGT L,9.4,98.92736238881709
Gas CCGT L,9.5,98.68758530418941
Gas CCGT L,9.6,98.4528035754915
Gas CCGT L,9.7,98.22286270717913
Gas CCGT L,9.8,97.99761450964853
Gas CCGT L,9.9,97.77691678075504
Gas CCGT L,10.0,97.56063300643937
Gas CCGT L,10.1,97.34863207913986
Gas CCGT L,10.2,97.14078803276779
Gas CCGT L,10.3,96.93697979312137
Gas CCGT L,10.4,96.73709094269896
Gas CCGT L,10.5,96.54100949895123
Gas CCGT L,10.6,96.34862770508555
Gas CCGT L,10.7,96.1598418326005
Gas CCGT L,10.8,95.97455199479118
Gas CCGT L,10.9,95.79266197051959
Gas CCGT L,11.0,95.6140790375984
Gas CCGT L,11.1,95.43871381518032
Gas CCGT L,11.2,95.26648011459102
Gas CCGT L,11.3,95.09729479808313
Gas CCGT L,11.4,94.93107764502263
Gas CCGT L,11.5,94.76775122505887
Gas CCGT L,11.6,94.60724077785305
Gas CCGT L,11.7,94.44947409897559
Gas CCGT L,11.8,94.29438143160453
Gas CCGT L,11.9,94.14189536368505
Gas CCGT L,12.0,93.99195073023093
Gas CCGT,0.1,2580.8076977883984
Gas CCGT,0.2,1348.2243158216236
Gas CCGT,0.3,937.3631884993661
Gas CCGT,0.4,731.9326248382364
Gas CCGT,0.5,608.6742866415588
Gas CCGT,0.6,526.5020611771074
Gas CCGT,0.7,467.80761441678453
Gas CCGT,0.8,423.7867793465427
Gas CCGT,0.9,389.5483520696879
Gas CCGT,1.0,362.1576102482039
Gas CCGT,1.1,339.74700330335355
Gas CCGT,1.2,321.07149751597825
Gas CCGT,1.3,305.2691464651221
Gas CCGT,1.4,291.7242741358167
Gas CCGT,1.5,279.9853847837524
Gas CCGT,1.6,269.71385660069586
Gas CCGT,1.7,260.6507434979992
Gas CCGT,1.8,252.59464296226844
Gas CCGT,1.9,245.38655300924634
Gas CCGT,2.0,238.89927205152648
Gas CCGT,2.1,233.02982737549425
Gas CCGT,2.2,227.69396857910127
Gas CCGT,2.3,222.82209750413378
Gas CCGT,2.4,218.35621568541364
Gas CCGT,2.5,214.24760441219107
Gas CCGT,2.6,210.45504015998554
Gas CCGT,2.7,206.94340659312866
Gas CCGT,2.8,203.68260399533284
Gas CCGT,2.9,200.64668433531625
Gas CCGT,3.0,197.8131593193007
Gas CCGT,3.1,195.16244236883452
Gas CCGT,3.2,192.67739522777245
Gas CCGT,3.3,190.34295700435064
Gas CCGT,3.4,188.14583867642415
Gas CCGT,3.5,186.07426996723618
Gas CCGT,3.6,184.11778840855874
Gas CCGT,3.7,182.26706260980984
Gas CCGT,3.8,180.51374343204768
Gas CCGT,3.9,178.85033805827334
Gas CCGT,4.0,177.27010295318775
Gas CCGT,4.1,175.7669524873746
Gas CCGT,4.2,174.33538061517163
Gas CCGT,4.3,172.97039348121064
Gas CCGT,4.4,171.66745121697517
Gas CCGT,4.5,170.42241749781684
Gas CCGT,4.6,169.2315156794914
Gas CCGT,4.7,168.09129053428632
Gas CCGT,4.8,166.99857477013137
Gas CCGT,4.9,165.9504596494112
Gas CCGT,5.0,164.94426913352007
Gas CCGT,5.1,163.97753706923234
Gas CCGT,5.2,163.0479870074173
Gas CCGT,5.3,162.1535143064254
Gas CCGT,5.4,161.29217022398888
Gas CCGT,5.5,160.46214774454995
Gas CCGT,5.6,159.6617689250909
Gas CCGT,5.7,158.88947357298153
Gas CCGT,5.8,158.14380909508264
Gas CCGT,5.9,157.42342137914653
Gas CCGT,6.0,156.7270465870749
Gas CCGT,6.1,156.05350375539905
Gas CCGT,6.2,155.40168811184176
Gas CCGT,6.3,154.7705650283974
Gas CCGT,6.4,154.15916454131076
Gas CCGT,6.5,153.5665763769037
Gas CCGT,6.6,152.99194542959987
Gas CCGT,6.7,152.43446764490204
Gas CCGT,6.8,151.89338626563665
Gas CCGT,6.9,151.36798840461066
Gas CCGT,7.0,150.8576019110426
Gas CCGT,7.1,150.36159250180043
Gas CCGT,7.2,149.8793611317039
Gas CCGT,7.3,149.41034157996617
Gas CCGT,7.4,148.95399823232947
Gas CCGT,7.5,148.50982404062975
Gas CCGT,7.6,148.07733864344837
Gas CCGT,7.7,147.6560866332068
Gas CCGT,7.8,147.24563595656122
Gas CCGT,7.9,146.84557643628636
Gas CCGT,8.0,146.45551840401842
Gas CCGT,8.1,146.0750914342756
Gas CCGT,8.2,145.7039431711118
Gas CCGT,8.3,145.3417382395906
Gas CCGT,8.4,144.98815723501036
Gas CCGT,8.5,144.64289578347902
Gas CCGT,8.6,144.30566366802984
Gas CCGT,8.7,143.97618401500483
Gas CCGT,8.8,143.65419253591213
Gas CCGT,8.9,143.33943682039455
Gas CCGT,9.0,143.03167567633295
Gas CCGT,9.1,142.7306785134595
Gas CCGT,9.2,142.43622476717022
Gas CCGT,9.3,142.14810335951088
Gas CCGT,9.4,141.8661121945677
Gas CCGT,9.5,141.5900576857285
Gas CCGT,9.6,141.3197543124902
Gas CCGT,9.7,141.05502420467948
Gas CCGT,9.8,140.79569675213008
Gas CCGT,9.9,140.5416082380162
Gas CCGT,10.0,140.29260149418457
Gas CCGT,10.1,140.0485255769634
Gas CCGT,10.2,139.80923546204068
Gas CCGT,10.3,139.5745917571165
Gas CCGT,10.4,139.34446043113317
Gas CCGT,10.5,139.11871255897807
Gas CCGT,10.6,138.89722408063722
Gas CCGT,10.7,138.6798755738541
Gas CCGT,10.8,138.46655203941899
Gas CCGT,10.9,138.25714269827608
Gas CCGT,11.0,138.0515407996995
Gas CCGT,11.1,137.849643439836
Gas CCGT,11.2,137.65135138996996
Gas CCGT,11.3,137.45656893390702
Gas CCGT,11.4,137.2652037139153
Gas CCGT,11.5,137.07716658470605
Gas CCGT,11.6,136.89237147496584
Gas CCGT,11.7,136.71073525599047
Gas CCGT,11.8,136.53217761699779
Gas CCGT,11.9,136.35662094672765
Gas CCGT,12.0,136.183990220962
Gas CCGT U,0.1,2976.58466522382
Gas CCGT U,0.2,1565.8589967921648
Gas CCGT U,0.3,1095.6171073149467
Gas CCGT U,0.4,860.4961625763369
Gas CCGT U,0.5,719.4235957331714
Gas CCGT U,0.6,625.3752178377282
Gas CCGT U,0.7,558.197805055268
Gas CCGT U,0.8,507.81474546842315
Gas CCGT U,0.9,468.62792134532174
Gas CCGT U,1.0,437.2784620468405
Gas CCGT U,1.1,411.6289044389922
Gas CCGT U,1.2,390.2542730991188
Gas CCGT U,1.3,372.16804658076404
Gas CCGT U,1.4,356.66556670788873
Gas CCGT U,1.5,343.2300841513968
Gas CCGT U,1.6,331.47403691446624
Gas CCGT U,1.7,321.1010540583514
Gas CCGT U,1.8,311.88062485291556
Gas CCGT U,1.9,303.63076714278884
Gas CCGT U,2.0,296.20589520367497
Gas CCGT U,2.1,289.488153925429
Gas CCGT U,2.2,283.3811163997508
Gas CCGT U,2.3,277.80512561543594
Gas CCGT U,2.4,272.69380072981414
Gas CCGT U,2.5,267.99138183504186
Gas CCGT U,2.6,263.6506874706367
Gas CCGT U,2.7,259.6315260221136
Gas CCGT U,2.8,255.89944753419908
Gas CCGT U,2.9,252.4247537695891
Gas CCGT U,3.0,249.18170625595312
Gas CCGT U,3.1,246.1478876141646
Gas CCGT U,3.2,243.3036826374878
Gas CCGT U,3.3,240.63185372000376
Gas CCGT U,3.4,238.11719120943042
Gas CCGT U,3.5,235.74622369946113
Gas CCGT U,3.6,233.5069766067125
Gas CCGT U,3.7,231.38876989735562
Gas CCGT U,3.8,229.38204775164914
Gas CCGT U,3.9,227.47823443392755
Gas CCGT U,4.0,225.66961178209215
Gas CCGT U,4.1,223.94921462546816
Gas CCGT U,4.2,222.31074114296925
Gas CCGT U,4.3,220.7484757294236
Gas CCGT U,4.4,219.25722238013012
Gas CCGT U,4.5,217.8322469574719
Gas CCGT U,4.6,216.46922698797266
Gas CCGT U,4.7,215.16420786823946
Gas CCGT U,4.8,213.91356454516182
Gas CCGT U,4.9,212.713967888332
Gas CCGT U,5.0,211.56235509777565
Gas CCGT U,5.1,210.45590359312337
Gas CCGT U,5.2,209.39200791557303
Gas CCGT U,5.3,208.36825924472276
Gas CCGT U,5.4,207.3824271913115
Gas CCGT U,5.5,206.43244357620605
Gas CCGT U,5.6,205.51638794735427
Gas CCGT U,5.7,204.6324746212693
Gas CCGT U,5.8,203.77904106504928
Gas CCGT U,5.9,202.95453745988758
Gas CCGT U,6.0,202.1575173082313
Gas CCGT U,6.1,201.38662896482603
Gas CCGT U,6.2,200.640607987337
Gas CCGT U,6.3,199.91827021548258
Gas CCGT U,6.4,199.21850549899858
Gas CCGT U,6.5,198.5402720045604
Gas CCGT U,6.6,197.88259104025656
Gas CCGT U,6.7,197.24454234354388
Gas CCGT U,6.8,196.62525978496996
Gas CCGT U,6.9,196.023927445485
Gas CCGT U,7.0,195.43977602998524
Gas CCGT U,7.1,194.87207958393623
Gas CCGT U,7.2,194.32015248361094
Gas CCGT U,7.3,193.7833466737055
Gas CCGT U,7.4,193.2610491289325
Gas CCGT U,7.5,192.75267951868696
Gas CCGT U,7.6,192.25768805607927
Gas CCGT U,7.7,191.77555351457835
Gas CCGT U,7.8,191.30578139721845
Gas CCGT U,7.9,190.8479022448551
Gas CCGT U,8.0,190.4014700713008
Gas CCGT U,8.1,189.96606091437746
Gas CCGT U,8.2,189.54127149298878
Gas CCGT U,8.3,189.1267179612722
Gas CCGT U,8.4,188.72203475173936
Gas CCGT U,8.5,188.3268735000777
Gas CCGT U,8.6,187.9409020449665
Gas CCGT U,8.7,187.56380349686938
Gas CCGT U,8.8,187.19527537031976
Gas CCGT U,8.9,186.83502877470397
Gas CCGT U,9.0,186.48278765899067
Gas CCGT U,9.1,186.13828810626015
Gas CCGT U,9.2,185.80127767424102
Gas CCGT U,9.3,185.47151477839446
Gas CCGT U,9.4,185.14876811437446
Gas CCGT U,9.5,184.83281611696532
Gas CCGT U,9.6,184.52344645283566
Gas CCGT U,9.7,184.22045554466732
Gas CCGT U,9.8,183.9236481244207
Gas CCGT U,9.9,183.63283681367415
Gas CCGT U,10.0,183.3478417291426
Gas CCGT U,10.1,183.06849011163138
Gas CCGT U,10.2,182.79461597681637
Gas CCGT U,10.3,182.52605978636674
Gas CCGT U,10.4,182.26266813804122
Gas CCGT U,10.5,182.0042934734933
Gas CCGT U,10.6,181.75079380261607
Gas CCGT U,10.7,181.502032443344
Gas CCGT U,10.8,181.25787777591046
Gas CCGT U,10.9,181.01820301063148
Gas CCGT U,11.0,180.78288596835776
Gas CCGT U,11.1,180.55180887279155
Gas CCGT U,11.2,180.3248581539318
Gas CCGT U,11.3,180.10192426195468
Gas CCGT U,11.4,179.88290149088937
Gas CCGT U,11.5,179.66768781149477
Gas CCGT U,11.6,179.45618471277936
Gas CCGT U,11.7,179.24829705164882
Gas CCGT U,11.8,179.04393291019852
Gas CCGT U,11.9,178.84300346020112
Gas CCGT U,12.0,178.64542283437035
Gas OCGT L,0.1,1626.332196047595
Gas OCGT L,0.2,870.440483514352
Gas OCGT L,0.3,618.476579336604
Gas OCGT L,0.4,492.49462724773036
Gas OCGT L,0.5,416.90545599440605
Gas OCGT L,0.6,366.51267515885627
Gas OCGT L,0.7,330.51783170489233
Gas OCGT L,0.8,303.5216991144195
Gas OCGT L,0.9,282.5247070996072
Gas OCGT L,1.0,265.7271134877574
Gas OCGT L,1.1,251.98362780533466
Gas OCGT L,1.2,240.53072306998246
Gas OCGT L,1.3,230.8398036785307
Gas OCGT L,1.4,222.5333013430005
Gas OCGT L,1.5,215.33433265220776
Gas OCGT L,1.6,209.03523504776408
Gas OCGT L,1.7,203.47720774972558
Gas OCGT L,1.8,198.53673904035796
Gas OCGT L,1.9,194.11631966881856
Gas OCGT L,2.0,190.13794223443307
Gas OCGT L,2.1,186.53845788903658
Gas OCGT L,2.2,183.26619939322168
Gas OCGT L,2.3,180.27848511443415
Gas OCGT L,2.4,177.53974702554555
Gas OCGT L,2.5,175.0201079837681
Gas OCGT L,2.6,172.69428732981967
Gas OCGT L,2.7,170.54074968727483
Gas OCGT L,2.8,168.54103616205455
Gas OCGT L,2.9,166.67923391443586
Gas OCGT L,3.0,164.94155181665823
Gas OCGT L,3.1,163.3159782413179
Gas OCGT L,3.2,161.7920030144364
Gas OCGT L,3.3,160.36038992251744
Gas OCGT L,3.4,159.01298936541713
Gas OCGT L,3.5,157.7425831258655
Gas OCGT L,3.6,156.54275501073332
Gas OCGT L,3.7,155.4077824693922
Gas OCGT L,3.8,154.33254532496363
Gas OCGT L,3.9,153.31244854691604
Gas OCGT L,4.0,152.34335660777091
Gas OCGT L,4.1,151.42153744614507
Gas OCGT L,4.2,150.5436144350726
Gas OCGT L,4.3,149.70652505242236
Gas OCGT L,4.4,148.90748518716518
Gas OCGT L,4.5,148.1439582048084
Gas OCGT L,4.6,147.4136280477714
Gas OCGT L,4.7,146.7143757697573
Gas OCGT L,4.8,146.0442590033271
Gas OCGT L,4.9,145.40149394164925
Gas OCGT L,5.0,144.78443948243836
Gas OCGT L,5.1,144.1915832373143
Gas OCGT L,5.2,143.62152915546417
Gas OCGT L,5.3,143.072986548401
Gas OCGT L,5.4,142.54476033419178
Gas OCGT L,5.5,142.0357423459539
Gas OCGT L,5.6,141.5449035715816
Gas OCGT L,5.7,141.07128721034533
Gas OCGT L,5.8,140.6140024477723
Gas OCGT L,5.9,140.1722188635915
Gas OCGT L,6.0,139.74516139888348
Gas OCGT L,6.1,139.33210581826418
Gas OCGT L,6.2,138.9323746112133
Gas OCGT L,6.3,138.54533328375143
Gas OCGT L,6.4,138.17038699777254
Gas OCGT L,6.5,137.80697752059308
Gas OCGT L,6.6,137.4545804518131
Gas OCGT L,6.7,137.11270269851897
Gas OCGT L,6.8,136.78088017326291
Gas OCGT L,6.9,136.4586756922172
Gas OCGT L,7.0,136.14567705348713
Gas OCGT L,7.1,135.84149527781977
Gas OCGT L,7.2,135.54576299592102
Gas OCGT L,7.3,135.25813296832087
Gas OCGT L,7.4,134.97827672525048
Gas OCGT L,7.5,134.70588331532855
Gas OCGT L,7.6,134.4406581530362
Gas OCGT L,7.7,134.18232195599813
Gas OCGT L,7.8,133.93060976401236
Gas OCGT L,7.9,133.68527003258316
Gas OCGT L,8.0,133.44606379443982
Gas OCGT L,8.1,133.21276388316414
Gas OCGT L,8.2,132.98515421362688
Gas OCGT L,8.3,132.76302911443983
Gas OCGT L,8.4,132.54619270809064
Gas OCGT L,8.5,132.33445833483208
Gas OCGT L,8.6,132.1276480167655
Gas OCGT L,8.7,131.92559195888444
Gas OCGT L,8.8,131.7281280841369
Gas OCGT L,8.9,131.5351015998332
Gas OCGT L,9.0,131.34636459295854
Gas OCGT L,9.1,131.16177565216898
Gas OCGT L,9.2,130.98119951444005
Gas OCGT L,9.3,130.8045067345118
Gas OCGT L,9.4,130.631573375433
Gas OCGT L,9.5,130.46228071865062
Gas OCGT L,9.6,130.29651499221788
Gas OCGT L,9.7,130.13416711581482
Gas OCGT L,9.8,129.97513246137896
Gas OCGT L,9.9,129.8193106282449
Gas OCGT L,10.0,129.6666052317735
Gas OCGT L,10.1,129.51692370453924
Gas OCGT L,10.2,129.3701771092115
Gas OCGT L,10.3,129.22627996233675
Gas OCGT L,10.4,129.08515006828642
Gas OCGT L,10.5,128.9467083626943
Gas OCGT L,10.6,128.8108787647549
Gas OCGT L,10.7,128.67758803780484
Gas OCGT L,10.8,128.54676565765024
Gas OCGT L,10.9,128.4183436881407
Gas OCGT L,11.0,128.29225666353128
Gas OCGT L,11.1,128.16844147720323
Gas OCGT L,11.2,128.04683727634514
Gas OCGT L,11.3,127.92738536222802
Gas OCGT L,11.4,127.81002909572703
Gas OCGT L,11.5,127.69471380777385
Gas OCGT L,11.6,127.58138671444048
Gas OCGT L,11.7,127.46999683637786
Gas OCGT L,11.8,127.36049492235009
Gas OCGT L,11.9,127.25283337662536
Gas OCGT L,12.0,127.14696618999608
Gas OCGT,0.1,2034.1062017787413
Gas OCGT,0.2,1104.6622241886207
Gas OCGT,0.3,794.8475649919135
Gas OCGT,0.4,639.9402353935603
Gas OCGT,0.5,546.9958376345484
Gas OCGT,0.6,485.0329057952067
Gas OCGT,0.7,440.77366876710573
Gas OCGT,0.8,407.57924099603014
Gas OCGT,0.9,381.7613527296379
Gas OCGT,1.0,361.10704211652416
Gas OCGT,1.1,344.20806070579465
Gas OCGT,1.2,330.12557619685333
Gas OCGT,1.3,318.20962776621076
Gas OCGT,1.4,307.9959576828029
Gas OCGT,1.5,299.14411027718273
Gas OCGT,1.6,291.39874379726507
Gas OCGT,1.7,284.5645969032202
Gas OCGT,1.8,278.4897996640689
Gas OCGT,1.9,273.05445476588113
Gas OCGT,2.0,268.16264435751214
Gas OCGT,2.1,263.73672065470197
Gas OCGT,2.2,259.71315365214735
Gas OCGT,2.3,256.0394620411191
Gas OCGT,2.4,252.67191139767664
Gas OCGT,2.5,249.57376480570966
Gas OCGT,2.6,246.71393718235538
Gas OCGT,2.7,244.06594864221265
Gas OCGT,2.8,241.60710214065142
Gas OCGT,2.9,239.31783125988767
Gas OCGT,3.0,237.18117843784142
Gas OCGT,3.1,235.18237418495937
Gas OCGT,3.2,233.30849519788256
Gas OCGT,3.3,231.54818463426489
Gas OCGT,3.4,229.8914217508601
Gas OCGT,3.5,228.32933103222123
Gas OCGT,3.6,226.8540231312845
Gas OCGT,3.7,225.45846160337157
Gas OCGT,3.8,224.1363506821906
Gas OCGT,3.9,222.8820403210703
Gas OCGT,4.0,221.6904454780061
Gas OCGT,4.1,220.5569772126524
Gas OCGT,4.2,219.47748362660099
Gas OCGT,4.3,218.4481990445521
Gas OCGT,4.4,217.46570012532368
Gas OCGT,4.5,216.52686782472765
Gas OCGT,4.6,215.6288543198096
Gas OCGT,4.7,214.76905415552636
Gas OCGT,4.8,213.9450789980883
Gas OCGT,4.9,213.15473547972945
Gas OCGT,5.0,212.39600570210487
Gas OCGT,5.1,211.66703003340675
Gas OCGT,5.2,210.96609189042766
Gas OCGT,5.3,210.29160424341026
Gas OCGT,5.4,209.64209762035634
Gas OCGT,5.5,209.01620941995898
Gas OCGT,5.6,208.4126743695757
Gas OCGT,5.7,207.83031598762707
Gas OCGT,5.8,207.26803892919386
Gas OCGT,5.9,206.72482211002952
Gas OCGT,6.0,206.19971251817074
Gas OCGT,6.1,205.6918196342416
Gas OCGT,6.2,205.20031039172972
Gas OCGT,6.3,204.7244046172341
Gas OCGT,6.4,204.26337089819128
Gas OCGT,6.5,203.81652283204218
Gas OCGT,6.6,203.38321561638244
Gas OCGT,6.7,202.96284294447375
Gas OCGT,6.8,202.5548341746801
Gas OCGT,6.9,202.15865174603974
Gas OCGT,7.0,201.77378881536063
Gas OCGT,7.1,201.39976709399645
Gas OCGT,7.2,201.0361348648923
Gas OCGT,7.3,200.68246516261289
Gas OCGT,7.4,200.33835410093585
Gas OCGT,7.5,200.00341933423655
Gas OCGT,7.6,199.67729864034533
Gas OCGT,7.7,199.35964861382786
Gas OCGT,7.8,199.05014345978515
Gas OCGT,7.9,198.74847387926252
Gas OCGT,8.0,198.45434603825308
Gas OCGT,8.1,198.16748061307095
Gas OCGT,8.2,197.88761190557625
Gas OCGT,8.3,197.6144870223583
Gas OCGT,8.4,197.3478651125505
Gas OCGT,8.5,197.08751665944413
Gas OCGT,8.6,196.83322282152608
Gas OCGT,8.7,196.58477481896256
Gas OCGT,8.8,196.34197336191184
Gas OCGT,8.9,196.10462811737912
Gas OCGT,9.0,195.87255721161384
Gas OCGT,9.1,195.64558676531578
Gas OCGT,9.2,195.42355045915477
Gas OCGT,9.3,195.2062891273198
Gas OCGT,9.4,194.99365037701318
Gas OCGT,9.5,194.78548823197625
Gas OCGT,9.6,194.58166279829416
Gas OCGT,9.7,194.3820399508737
Gas OCGT,9.8,194.18649103911474
Gas OCGT,9.9,193.99489261042157
Gas OCGT,10.0,193.80712615030245
Gas OCGT,10.1,193.6230778379083
Gas OCGT,10.2,193.4426383159534
Gas OCGT,10.3,193.26570247403637
Gas OCGT,10.4,193.0921692444638
Gas OCGT,10.5,192.9219414097404
Gas OCGT,10.6,192.7549254209552
Gas OCGT,10.7,192.5910312263527
Gas OCGT,10.8,192.4301721094282
Gas OCGT,10.9,192.27226453593337
Gas OCGT,11.0,192.1172280092295
Gas OCGT,11.1,191.96498493345723
Gas OCGT,11.2,191.81546048403783
Gas OCGT,11.3,191.66858248505082
Gas OCGT,11.4,191.52428129306358
Gas OCGT,11.5,191.38248968702388
Gas OCGT,11.6,191.24314276384695
Gas OCGT,11.7,191.10617783935677
Gas OCGT,11.8,190.97153435426475
Gas OCGT,11.9,190.83915378488857
Gas OCGT,12.0,190.7089795583354
Gas OCGT U,0.1,2619.3237784727958
Gas OCGT U,0.2,1427.6057503443437
Gas OCGT U,0.3,1030.366407634859
Gas OCGT U,0.4,831.7467362801174
Gas OCGT U,0.5,712.5749334672722
Gas OCGT U,0.6,633.1270649253752
Gas OCGT U,0.7,576.3785873954488
Gas OCGT U,0.8,533.8172292480043
Gas OCGT U,0.9,500.71395068888063
Gas OCGT U,1.0,474.2313278415818
Gas OCGT U,1.1,452.56372733015513
Gas OCGT U,1.2,434.5073935706332
Gas OCGT U,1.3,419.2289573125762
Gas OCGT U,1.4,406.13315480566996
Gas OCGT U,1.5,394.783459299685
Gas OCGT U,1.6,384.85247573194783
Gas OCGT U,1.7,376.08984317217977
Gas OCGT U,1.8,368.300836452386
Gas OCGT U,1.9,361.33172517678105
Gas OCGT U,2.0,355.0595250287366
Gas OCGT U,2.1,349.3846772757438
Gas OCGT U,2.2,344.2257247730232
Gas OCGT U,2.3,339.5153768357566
Gas OCGT U,2.4,335.1975578932622
Gas OCGT U,2.5,331.2251644661674
Gas OCGT U,2.6,327.55833976423366
Gas OCGT U,2.7,324.1631317068877
Gas OCGT U,2.8,321.01043851078055
Gas OCGT U,2.9,318.07517243164676
Gas OCGT U,3.0,315.3355907577881
Gas OCGT U,3.1,312.77275628869467
Gas OCGT U,3.2,310.37009897391954
Gas OCGT U,3.3,308.1130572539794
Gas OCGT U,3.4,305.98878269403554
Gas OCGT U,3.5,303.985895251803
Gas OCGT U,3.6,302.09427933413866
Gas OCGT U,3.7,300.30491292553756
Gas OCGT U,3.8,298.60972369633623
Gas OCGT U,3.9,297.0014672481196
Gas OCGT U,4.0,295.473623622314
Gas OCGT U,4.1,294.0203089538647
Gas OCGT U,4.2,292.63619974581746
Gas OCGT U,4.3,291.3164677102379
Gas OCGT U,4.4,290.05672349445723
Gas OCGT U,4.5,288.85296791048916
Gas OCGT U,4.6,287.70154952582396
Gas OCGT U,4.7,286.59912766816575
Gas OCGT U,4.8,285.54264005457674
Gas OCGT U,4.9,284.52927438439957
Gas OCGT U,5.0,283.55644334102936
Gas OCGT U,5.1,282.6217625346541
Gas OCGT U,5.2,281.7230309900625
Gas OCGT U,5.3,280.85821384338027
Gas OCGT U,5.4,280.02542696138954
Gas OCGT U,5.5,279.2229232387441
Gas OCGT U,5.6,278.4490803633359
Gas OCGT U,5.7,277.7023898695212
Gas OCGT U,5.8,276.9814473237691
Gas OCGT U,5.9,276.28494350838116
Gas OCGT U,6.0,275.6116564868397
Gas OCGT U,6.1,274.9604444496109
Gas OCGT U,6.2,274.3302392522929
Gas OCGT U,6.3,273.7200405691756
Gas OCGT U,6.4,273.12891059490545
Gas OCGT U,6.5,272.55596923522836
Gas OCGT U,6.6,272.00038973493537
Gas OCGT U,6.7,271.46139469733765
Gas OCGT U,6.8,270.9382524549634
Gas OCGT U,6.9,270.43027375584654
Gas OCGT U,7.0,269.9368087338472
Gas OCGT U,7.1,269.45724413500267
Gas OCGT U,7.2,268.991000775015
Gas OCGT U,7.3,268.5375312057119
Gas OCGT U,7.4,268.09631757071446
Gas OCGT U,7.5,267.66686963265
Gas OCGT U,7.6,267.2487229561138
Gas OCGT U,7.7,266.84143723221484
Gas OCGT U,7.8,266.44459473200544
Gas OCGT U,7.9,266.0577988773711
Gas OCGT U,8.0,265.6806729191027
Gas OCGT U,8.1,265.31285871289015
Gas OCGT U,8.2,264.954015584878
Gas OCGT U,8.3,264.6038192792274
Gas OCGT U,8.4,264.2619609808544
Gas OCGT U,8.5,263.9281464071491
Gas OCGT U,8.6,263.6020949630646
Gas OCGT U,8.7,263.28353895447646
Gas OCGT U,8.8,262.97222285517427
Gas OCGT U,8.9,262.66790262327214
Gas OCGT U,9.0,262.3703450631902
Gas OCGT U,9.1,262.07932722970344
Gas OCGT U,9.2,261.79463587085763
Gas OCGT U,9.3,261.5160669068257
Gas OCGT U,9.4,261.2434249420285
Gas OCGT U,9.5,260.9765228080692
Gas OCGT U,9.6,260.715181135234
Gas OCGT U,9.7,260.4592279504986
Gas OCGT U,9.8,260.2084983001455
Gas OCGT U,9.9,259.96283389525394
Gas OCGT U,10.0,259.72208277846033
Gas OCGT U,10.1,259.4860990105141
Gas OCGT U,10.2,259.25474237527266
Gas OCGT U,10.3,259.02787810188073
Gas OCGT U,10.4,258.8053766029769
Gas OCGT U,10.5,258.58711322786183
Gas OCGT U,10.6,258.3729680296359
Gas OCGT U,10.7,258.1628255453951
Gas OCGT U,10.8,257.9565745886404
Gas OCGT U,10.9,257.75410805311054
Gas OCGT U,11.0,257.55532272731773
Gas OCGT U,11.1,257.3601191191067
Gas OCGT U,11.2,257.1684012896135
Gas OCGT U,11.3,256.98007669604095
Gas OCGT U,11.4,256.7950560427063
Gas OCGT U,11.5,256.6132531398644
Gas OCGT U,11.6,256.4345847698303
Gas OCGT U,11.7,256.2589705599674
Gas OCGT U,11.8,256.0863328621362
Gas OCGT U,11.9,255.9165966382182
Gas OCGT U,12.0,255.7496893513655
